state,district,month,lat,lng,state_crime_rate_per_lakh,state_chargesheet_rate_pct,cases,vol_norm,rate_norm,enforcement_gap,risk_score,risk_band
Bihar,Bhagalpur,1,25.2425,86.9842,200.0,72.0,487,0.0612565445026178,0.0,0.28,9.0,Low
Bihar,Bhagalpur,2,25.2425,86.9842,200.0,72.0,466,0.05575916230366492,0.0,0.28,8.7,Low
Bihar,Bhagalpur,3,25.2425,86.9842,200.0,72.0,525,0.0712041884816754,0.0,0.28,9.5,Low
Bihar,Bhagalpur,4,25.2425,86.9842,200.0,72.0,517,0.06910994764397906,0.0,0.28,9.4,Low
Bihar,Bhagalpur,5,25.2425,86.9842,200.0,72.0,588,0.08769633507853403,0.0,0.28,10.4,Low
Bihar,Bhagalpur,6,25.2425,86.9842,200.0,72.0,484,0.060471204188481675,0.0,0.28,8.9,Low
Bihar,Bhagalpur,7,25.2425,86.9842,200.0,72.0,463,0.0549738219895288,0.0,0.28,8.6,Low
Bihar,Bhagalpur,8,25.2425,86.9842,200.0,72.0,519,0.06963350785340314,0.0,0.28,9.4,Low
Bihar,Bhagalpur,9,25.2425,86.9842,200.0,72.0,520,0.06989528795811518,0.0,0.28,9.4,Low
Bihar,Bhagalpur,10,25.2425,86.9842,200.0,72.0,610,0.09345549738219895,0.0,0.28,10.7,Low
Bihar,Bhagalpur,11,25.2425,86.9842,200.0,72.0,601,0.09109947643979058,0.0,0.28,10.6,Low
Bihar,Bhagalpur,12,25.2425,86.9842,200.0,72.0,578,0.08507853403141362,0.0,0.28,10.3,Low
Bihar,Gaya,1,24.7955,84.9994,200.0,72.0,638,0.10078534031413612,0.0,0.28,11.1,Low
Bihar,Gaya,2,24.7955,84.9994,200.0,72.0,562,0.08089005235602094,0.0,0.28,10.0,Low
Bihar,Gaya,3,24.7955,84.9994,200.0,72.0,680,0.11178010471204189,0.0,0.28,11.7,Low
Bihar,Gaya,4,24.7955,84.9994,200.0,72.0,718,0.12172774869109948,0.0,0.28,12.3,Low
Bihar,Gaya,5,24.7955,84.9994,200.0,72.0,731,0.12513089005235603,0.0,0.28,12.5,Low
Bihar,Gaya,6,24.7955,84.9994,200.0,72.0,626,0.09764397905759162,0.0,0.28,11.0,Low
Bihar,Gaya,7,24.7955,84.9994,200.0,72.0,574,0.08403141361256544,0.0,0.28,10.2,Low
Bihar,Gaya,8,24.7955,84.9994,200.0,72.0,589,0.08795811518324607,0.0,0.28,10.4,Low
Bihar,Gaya,9,24.7955,84.9994,200.0,72.0,631,0.09895287958115183,0.0,0.28,11.0,Low
Bihar,Gaya,10,24.7955,84.9994,200.0,72.0,739,0.12722513089005236,0.0,0.28,12.6,Low
Bihar,Gaya,11,24.7955,84.9994,200.0,72.0,774,0.13638743455497382,0.0,0.28,13.1,Low
Bihar,Gaya,12,24.7955,84.9994,200.0,72.0,694,0.11544502617801047,0.0,0.28,11.9,Low
Bihar,Muzaffarpur,1,26.1209,85.3647,200.0,72.0,668,0.10863874345549739,0.0,0.28,11.6,Low
Bihar,Muzaffarpur,2,26.1209,85.3647,200.0,72.0,653,0.10471204188481675,0.0,0.28,11.4,Low
Bihar,Muzaffarpur,3,26.1209,85.3647,200.0,72.0,707,0.11884816753926701,0.0,0.28,12.1,Low
Bihar,Muzaffarpur,4,26.1209,85.3647,200.0,72.0,733,0.1256544502617801,0.0,0.28,12.5,Low
Bihar,Muzaffarpur,5,26.1209,85.3647,200.0,72.0,779,0.13769633507853404,0.0,0.28,13.2,Low
Bihar,Muzaffarpur,6,26.1209,85.3647,200.0,72.0,651,0.10418848167539267,0.0,0.28,11.3,Low
Bihar,Muzaffarpur,7,26.1209,85.3647,200.0,72.0,623,0.0968586387434555,0.0,0.28,10.9,Low
Bihar,Muzaffarpur,8,26.1209,85.3647,200.0,72.0,665,0.10785340314136126,0.0,0.28,11.5,Low
Bihar,Muzaffarpur,9,26.1209,85.3647,200.0,72.0,679,0.11151832460732984,0.0,0.28,11.7,Low
Bihar,Muzaffarpur,10,26.1209,85.3647,200.0,72.0,791,0.14083769633507853,0.0,0.28,13.3,Low
Bihar,Muzaffarpur,11,26.1209,85.3647,200.0,72.0,829,0.15078534031413612,0.0,0.28,13.9,Low
Bihar,Muzaffarpur,12,26.1209,85.3647,200.0,72.0,738,0.12696335078534032,0.0,0.28,12.6,Low
Bihar,Patna,1,25.5941,85.1376,200.0,72.0,757,0.1319371727748691,0.0,0.28,12.9,Low
Bihar,Patna,2,25.5941,85.1376,200.0,72.0,711,0.11989528795811519,0.0,0.28,12.2,Low
Bihar,Patna,3,25.5941,85.1376,200.0,72.0,808,0.14528795811518325,0.0,0.28,13.6,Low
Bihar,Patna,4,25.5941,85.1376,200.0,72.0,822,0.14895287958115183,0.0,0.28,13.8,Low
Bihar,Patna,5,25.5941,85.1376,200.0,72.0,888,0.1662303664921466,0.0,0.28,14.7,Low
Bihar,Patna,6,25.5941,85.1376,200.0,72.0,794,0.14162303664921466,0.0,0.28,13.4,Low
Bihar,Patna,7,25.5941,85.1376,200.0,72.0,720,0.12225130890052356,0.0,0.28,12.3,Low
Bihar,Patna,8,25.5941,85.1376,200.0,72.0,759,0.1324607329842932,0.0,0.28,12.9,Low
Bihar,Patna,9,25.5941,85.1376,200.0,72.0,833,0.1518324607329843,0.0,0.28,14.0,Low
Bihar,Patna,10,25.5941,85.1376,200.0,72.0,923,0.17539267015706805,0.0,0.28,15.2,Low
Bihar,Patna,11,25.5941,85.1376,200.0,72.0,1002,0.19607329842931936,0.0,0.28,16.4,Low
Bihar,Patna,12,25.5941,85.1376,200.0,72.0,851,0.15654450261780103,0.0,0.28,14.2,Low
Delhi,East Delhi,1,28.6279,77.2773,1424.1,30.2,1908,0.43324607329842935,1.0,0.698,62.8,High
Delhi,East Delhi,2,28.6279,77.2773,1424.1,30.2,1914,0.43481675392670155,1.0,0.698,62.9,High
Delhi,East Delhi,3,28.6279,77.2773,1424.1,30.2,1972,0.45,1.0,0.698,63.7,High
Delhi,East Delhi,4,28.6279,77.2773,1424.1,30.2,2082,0.4787958115183246,1.0,0.698,65.3,Critical
Delhi,East Delhi,5,28.6279,77.2773,1424.1,30.2,2236,0.5191099476439791,1.0,0.698,67.5,Critical
Delhi,East Delhi,6,28.6279,77.2773,1424.1,30.2,1874,0.4243455497382199,1.0,0.698,62.3,High
Delhi,East Delhi,7,28.6279,77.2773,1424.1,30.2,1776,0.39869109947643977,1.0,0.698,60.9,High
Delhi,East Delhi,8,28.6279,77.2773,1424.1,30.2,1937,0.4408376963350785,1.0,0.698,63.2,High
Delhi,East Delhi,9,28.6279,77.2773,1424.1,30.2,2070,0.4756544502617801,1.0,0.698,65.1,Critical
Delhi,East Delhi,10,28.6279,77.2773,1424.1,30.2,2369,0.5539267015706806,1.0,0.698,69.4,Critical
Delhi,East Delhi,11,28.6279,77.2773,1424.1,30.2,2505,0.5895287958115183,1.0,0.698,71.4,Critical
Delhi,East Delhi,12,28.6279,77.2773,1424.1,30.2,2156,0.4981675392670157,1.0,0.698,66.4,Critical
Delhi,New Delhi,1,28.6139,77.209,1424.1,30.2,280,0.007068062827225131,1.0,0.698,39.3,Moderate
Delhi,New Delhi,2,28.6139,77.209,1424.1,30.2,259,0.0015706806282722514,1.0,0.698,39.0,Moderate
Delhi,New Delhi,3,28.6139,77.209,1424.1,30.2,281,0.007329842931937173,1.0,0.698,39.4,Moderate
Delhi,New Delhi,4,28.6139,77.209,1424.1,30.2,290,0.00968586387434555,1.0,0.698,39.5,Moderate
Delhi,New Delhi,5,28.6139,77.209,1424.1,30.2,292,0.010209424083769634,1.0,0.698,39.5,Moderate
Delhi,New Delhi,6,28.6139,77.209,1424.1,30.2,279,0.006806282722513089,1.0,0.698,39.3,Moderate
Delhi,New Delhi,7,28.6139,77.209,1424.1,30.2,253,0.0,1.0,0.698,39.0,Moderate
Delhi,New Delhi,8,28.6139,77.209,1424.1,30.2,271,0.004712041884816754,1.0,0.698,39.2,Moderate
Delhi,New Delhi,9,28.6139,77.209,1424.1,30.2,285,0.008376963350785341,1.0,0.698,39.4,Moderate
Delhi,New Delhi,10,28.6139,77.209,1424.1,30.2,327,0.0193717277486911,1.0,0.698,40.0,Moderate
Delhi,New Delhi,11,28.6139,77.209,1424.1,30.2,352,0.025916230366492148,1.0,0.698,40.4,Moderate
Delhi,New Delhi,12,28.6139,77.209,1424.1,30.2,293,0.010471204188481676,1.0,0.698,39.5,Moderate
Delhi,North West Delhi,1,28.7041,77.1025,1424.1,30.2,3190,0.768848167539267,1.0,0.698,81.2,Critical
Delhi,North West Delhi,2,28.7041,77.1025,1424.1,30.2,3054,0.7332460732984293,1.0,0.698,79.3,Critical
Delhi,North West Delhi,3,28.7041,77.1025,1424.1,30.2,3401,0.8240837696335078,1.0,0.698,84.3,Critical
Delhi,North West Delhi,4,28.7041,77.1025,1424.1,30.2,3430,0.8316753926701571,1.0,0.698,84.7,Critical
Delhi,North West Delhi,5,28.7041,77.1025,1424.1,30.2,3875,0.9481675392670157,1.0,0.698,91.1,Critical
Delhi,North West Delhi,6,28.7041,77.1025,1424.1,30.2,3288,0.7945026178010471,1.0,0.698,82.7,Critical
Delhi,North West Delhi,7,28.7041,77.1025,1424.1,30.2,2989,0.7162303664921466,1.0,0.698,78.4,Critical
Delhi,North West Delhi,8,28.7041,77.1025,1424.1,30.2,3263,0.7879581151832461,1.0,0.698,82.3,Critical
Delhi,North West Delhi,9,28.7041,77.1025,1424.1,30.2,3431,0.8319371727748691,1.0,0.698,84.7,Critical
Delhi,North West Delhi,10,28.7041,77.1025,1424.1,30.2,3909,0.9570680628272251,1.0,0.698,91.6,Critical
Delhi,North West Delhi,11,28.7041,77.1025,1424.1,30.2,4073,1.0,1.0,0.698,94.0,Critical
Delhi,North West Delhi,12,28.7041,77.1025,1424.1,30.2,3416,0.8280104712041885,1.0,0.698,84.5,Critical
Delhi,South Delhi,1,28.5245,77.2066,1424.1,30.2,2405,0.5633507853403141,1.0,0.698,69.9,Critical
Delhi,South Delhi,2,28.5245,77.2066,1424.1,30.2,2194,0.5081151832460733,1.0,0.698,66.9,Critical
Delhi,South Delhi,3,28.5245,77.2066,1424.1,30.2,2324,0.5421465968586388,1.0,0.698,68.8,Critical
Delhi,South Delhi,4,28.5245,77.2066,1424.1,30.2,2601,0.6146596858638743,1.0,0.698,72.8,Critical
Delhi,South Delhi,5,28.5245,77.2066,1424.1,30.2,2698,0.6400523560209425,1.0,0.698,74.2,Critical
Delhi,South Delhi,6,28.5245,77.2066,1424.1,30.2,2271,0.5282722513089005,1.0,0.698,68.0,Critical
Delhi,South Delhi,7,28.5245,77.2066,1424.1,30.2,2161,0.49947643979057593,1.0,0.698,66.4,Critical
Delhi,South Delhi,8,28.5245,77.2066,1424.1,30.2,2293,0.5340314136125655,1.0,0.698,68.3,Critical
Delhi,South Delhi,9,28.5245,77.2066,1424.1,30.2,2496,0.5871727748691099,1.0,0.698,71.3,Critical
Delhi,South Delhi,10,28.5245,77.2066,1424.1,30.2,2926,0.699738219895288,1.0,0.698,77.4,Critical
Delhi,South Delhi,11,28.5245,77.2066,1424.1,30.2,2915,0.6968586387434555,1.0,0.698,77.3,Critical
Delhi,South Delhi,12,28.5245,77.2066,1424.1,30.2,2724,0.6468586387434555,1.0,0.698,74.5,Critical
Gujarat,Ahmedabad,1,23.0225,72.5714,320.0,75.0,1541,0.33717277486910996,0.09803120660076792,0.25,26.0,Moderate
Gujarat,Ahmedabad,2,23.0225,72.5714,320.0,75.0,1442,0.3112565445026178,0.09803120660076792,0.25,24.6,Low
Gujarat,Ahmedabad,3,23.0225,72.5714,320.0,75.0,1579,0.3471204188481675,0.09803120660076792,0.25,26.5,Moderate
Gujarat,Ahmedabad,4,23.0225,72.5714,320.0,75.0,1647,0.3649214659685864,0.09803120660076792,0.25,27.5,Moderate
Gujarat,Ahmedabad,5,23.0225,72.5714,320.0,75.0,1772,0.39764397905759163,0.09803120660076792,0.25,29.3,Moderate
Gujarat,Ahmedabad,6,23.0225,72.5714,320.0,75.0,1525,0.33298429319371725,0.09803120660076792,0.25,25.8,Moderate
Gujarat,Ahmedabad,7,23.0225,72.5714,320.0,75.0,1410,0.30287958115183244,0.09803120660076792,0.25,24.1,Low
Gujarat,Ahmedabad,8,23.0225,72.5714,320.0,75.0,1528,0.3337696335078534,0.09803120660076792,0.25,25.8,Moderate
Gujarat,Ahmedabad,9,23.0225,72.5714,320.0,75.0,1558,0.3416230366492147,0.09803120660076792,0.25,26.2,Moderate
Gujarat,Ahmedabad,10,23.0225,72.5714,320.0,75.0,1736,0.38821989528795814,0.09803120660076792,0.25,28.8,Moderate
Gujarat,Ahmedabad,11,23.0225,72.5714,320.0,75.0,1857,0.4198952879581152,0.09803120660076792,0.25,30.5,Moderate
Gujarat,Ahmedabad,12,23.0225,72.5714,320.0,75.0,1711,0.38167539267015704,0.09803120660076792,0.25,28.4,Moderate
Gujarat,Rajkot,1,22.3039,70.8022,320.0,75.0,547,0.07696335078534032,0.09803120660076792,0.25,11.7,Low
Gujarat,Rajkot,2,22.3039,70.8022,320.0,75.0,525,0.0712041884816754,0.09803120660076792,0.25,11.4,Low
Gujarat,Rajkot,3,22.3039,70.8022,320.0,75.0,544,0.07617801047120419,0.09803120660076792,0.25,11.6,Low
Gujarat,Rajkot,4,22.3039,70.8022,320.0,75.0,603,0.09162303664921466,0.09803120660076792,0.25,12.5,Low
Gujarat,Rajkot,5,22.3039,70.8022,320.0,75.0,620,0.09607329842931937,0.09803120660076792,0.25,12.7,Low
Gujarat,Rajkot,6,22.3039,70.8022,320.0,75.0,553,0.07853403141361257,0.09803120660076792,0.25,11.8,Low
Gujarat,Rajkot,7,22.3039,70.8022,320.0,75.0,508,0.06675392670157068,0.09803120660076792,0.25,11.1,Low
Gujarat,Rajkot,8,22.3039,70.8022,320.0,75.0,537,0.0743455497382199,0.09803120660076792,0.25,11.5,Low
Gujarat,Rajkot,9,22.3039,70.8022,320.0,75.0,569,0.08272251308900523,0.09803120660076792,0.25,12.0,Low
Gujarat,Rajkot,10,22.3039,70.8022,320.0,75.0,651,0.10418848167539267,0.09803120660076792,0.25,13.2,Low
Gujarat,Rajkot,11,22.3039,70.8022,320.0,75.0,670,0.10916230366492147,0.09803120660076792,0.25,13.5,Low
Gujarat,Rajkot,12,22.3039,70.8022,320.0,75.0,626,0.09764397905759162,0.09803120660076792,0.25,12.8,Low
Gujarat,Surat,1,21.1702,72.8311,320.0,75.0,1133,0.23036649214659685,0.09803120660076792,0.25,20.1,Low
Gujarat,Surat,2,21.1702,72.8311,320.0,75.0,1162,0.23795811518324608,0.09803120660076792,0.25,20.5,Low
Gujarat,Surat,3,21.1702,72.8311,320.0,75.0,1253,0.2617801047120419,0.09803120660076792,0.25,21.8,Low
Gujarat,Surat,4,21.1702,72.8311,320.0,75.0,1205,0.24921465968586387,0.09803120660076792,0.25,21.2,Low
Gujarat,Surat,5,21.1702,72.8311,320.0,75.0,1384,0.2960732984293194,0.09803120660076792,0.25,23.7,Low
Gujarat,Surat,6,21.1702,72.8311,320.0,75.0,1180,0.24267015706806283,0.09803120660076792,0.25,20.8,Low
Gujarat,Surat,7,21.1702,72.8311,320.0,75.0,1120,0.2269633507853403,0.09803120660076792,0.25,19.9,Low
Gujarat,Surat,8,21.1702,72.8311,320.0,75.0,1112,0.22486910994764397,0.09803120660076792,0.25,19.8,Low
Gujarat,Surat,9,21.1702,72.8311,320.0,75.0,1256,0.262565445026178,0.09803120660076792,0.25,21.9,Low
Gujarat,Surat,10,21.1702,72.8311,320.0,75.0,1439,0.3104712041884817,0.09803120660076792,0.25,24.5,Low
Gujarat,Surat,11,21.1702,72.8311,320.0,75.0,1460,0.3159685863874346,0.09803120660076792,0.25,24.8,Low
Gujarat,Surat,12,21.1702,72.8311,320.0,75.0,1287,0.2706806282722513,0.09803120660076792,0.25,22.3,Low
Gujarat,Vadodara,1,22.3072,73.1812,320.0,75.0,625,0.09738219895287958,0.09803120660076792,0.25,12.8,Low
Gujarat,Vadodara,2,22.3072,73.1812,320.0,75.0,575,0.08429319371727749,0.09803120660076792,0.25,12.1,Low
Gujarat,Vadodara,3,22.3072,73.1812,320.0,75.0,621,0.09633507853403141,0.09803120660076792,0.25,12.7,Low
Gujarat,Vadodara,4,22.3072,73.1812,320.0,75.0,682,0.11230366492146597,0.09803120660076792,0.25,13.6,Low
Gujarat,Vadodara,5,22.3072,73.1812,320.0,75.0,699,0.11675392670157068,0.09803120660076792,0.25,13.9,Low
Gujarat,Vadodara,6,22.3072,73.1812,320.0,75.0,638,0.10078534031413612,0.09803120660076792,0.25,13.0,Low
Gujarat,Vadodara,7,22.3072,73.1812,320.0,75.0,583,0.08638743455497382,0.09803120660076792,0.25,12.2,Low
Gujarat,Vadodara,8,22.3072,73.1812,320.0,75.0,607,0.09267015706806282,0.09803120660076792,0.25,12.5,Low
Gujarat,Vadodara,9,22.3072,73.1812,320.0,75.0,635,0.1,0.09803120660076792,0.25,13.0,Low
Gujarat,Vadodara,10,22.3072,73.1812,320.0,75.0,751,0.13036649214659685,0.09803120660076792,0.25,14.6,Low
Gujarat,Vadodara,11,22.3072,73.1812,320.0,75.0,747,0.12931937172774868,0.09803120660076792,0.25,14.6,Low
Gujarat,Vadodara,12,22.3072,73.1812,320.0,75.0,672,0.10968586387434555,0.09803120660076792,0.25,13.5,Low
Haryana,Faridabad,1,28.4089,77.3178,660.0,56.0,1045,0.20732984293193718,0.37578629196961033,0.44,29.6,Moderate
Haryana,Faridabad,2,28.4089,77.3178,660.0,56.0,939,0.17958115183246073,0.37578629196961033,0.44,28.1,Moderate
Haryana,Faridabad,3,28.4089,77.3178,660.0,56.0,1097,0.22094240837696336,0.37578629196961033,0.44,30.3,Moderate
Haryana,Faridabad,4,28.4089,77.3178,660.0,56.0,1123,0.22774869109947643,0.37578629196961033,0.44,30.7,Moderate
Haryana,Faridabad,5,28.4089,77.3178,660.0,56.0,1238,0.25785340314136124,0.37578629196961033,0.44,32.4,Moderate
Haryana,Faridabad,6,28.4089,77.3178,660.0,56.0,1106,0.22329842931937172,0.37578629196961033,0.44,30.5,Moderate
Haryana,Faridabad,7,28.4089,77.3178,660.0,56.0,972,0.18821989528795813,0.37578629196961033,0.44,28.5,Moderate
Haryana,Faridabad,8,28.4089,77.3178,660.0,56.0,1057,0.21047120418848167,0.37578629196961033,0.44,29.8,Moderate
Haryana,Faridabad,9,28.4089,77.3178,660.0,56.0,1166,0.23900523560209425,0.37578629196961033,0.44,31.3,Moderate
Haryana,Faridabad,10,28.4089,77.3178,660.0,56.0,1299,0.27382198952879583,0.37578629196961033,0.44,33.3,Moderate
Haryana,Faridabad,11,28.4089,77.3178,660.0,56.0,1301,0.2743455497382199,0.37578629196961033,0.44,33.3,Moderate
Haryana,Faridabad,12,28.4089,77.3178,660.0,56.0,1153,0.2356020942408377,0.37578629196961033,0.44,31.2,Moderate
Haryana,Gurugram,1,28.4595,77.0266,660.0,56.0,1141,0.2324607329842932,0.37578629196961033,0.44,31.0,Moderate
Haryana,Gurugram,2,28.4595,77.0266,660.0,56.0,1101,0.22198952879581152,0.37578629196961033,0.44,30.4,Moderate
Haryana,Gurugram,3,28.4595,77.0266,660.0,56.0,1230,0.2557591623036649,0.37578629196961033,0.44,32.3,Moderate
Haryana,Gurugram,4,28.4595,77.0266,660.0,56.0,1182,0.2431937172774869,0.37578629196961033,0.44,31.6,Moderate
Haryana,Gurugram,5,28.4595,77.0266,660.0,56.0,1274,0.2672774869109948,0.37578629196961033,0.44,32.9,Moderate
Haryana,Gurugram,6,28.4595,77.0266,660.0,56.0,1108,0.2238219895287958,0.37578629196961033,0.44,30.5,Moderate
Haryana,Gurugram,7,28.4595,77.0266,660.0,56.0,1062,0.2117801047120419,0.37578629196961033,0.44,29.8,Moderate
Haryana,Gurugram,8,28.4595,77.0266,660.0,56.0,1122,0.2274869109947644,0.37578629196961033,0.44,30.7,Moderate
Haryana,Gurugram,9,28.4595,77.0266,660.0,56.0,1175,0.2413612565445026,0.37578629196961033,0.44,31.5,Moderate
Haryana,Gurugram,10,28.4595,77.0266,660.0,56.0,1362,0.29031413612565443,0.37578629196961033,0.44,34.2,Moderate
Haryana,Gurugram,11,28.4595,77.0266,660.0,56.0,1443,0.31151832460732987,0.37578629196961033,0.44,35.3,Moderate
Haryana,Gurugram,12,28.4595,77.0266,660.0,56.0,1256,0.262565445026178,0.37578629196961033,0.44,32.6,Moderate
Haryana,Hisar,1,29.1492,75.7217,660.0,56.0,895,0.16806282722513088,0.37578629196961033,0.44,27.4,Moderate
Haryana,Hisar,2,29.1492,75.7217,660.0,56.0,844,0.15471204188481674,0.37578629196961033,0.44,26.7,Moderate
Haryana,Hisar,3,29.1492,75.7217,660.0,56.0,904,0.17041884816753927,0.37578629196961033,0.44,27.6,Moderate
Haryana,Hisar,4,29.1492,75.7217,660.0,56.0,923,0.17539267015706805,0.37578629196961033,0.44,27.8,Moderate
Haryana,Hisar,5,29.1492,75.7217,660.0,56.0,992,0.19345549738219894,0.37578629196961033,0.44,28.8,Moderate
Haryana,Hisar,6,29.1492,75.7217,660.0,56.0,900,0.1693717277486911,0.37578629196961033,0.44,27.5,Moderate
Haryana,Hisar,7,29.1492,75.7217,660.0,56.0,828,0.1505235602094241,0.37578629196961033,0.44,26.5,Moderate
Haryana,Hisar,8,29.1492,75.7217,660.0,56.0,797,0.1424083769633508,0.37578629196961033,0.44,26.0,Moderate
Haryana,Hisar,9,29.1492,75.7217,660.0,56.0,885,0.16544502617801046,0.37578629196961033,0.44,27.3,Moderate
Haryana,Hisar,10,29.1492,75.7217,660.0,56.0,1071,0.21413612565445025,0.37578629196961033,0.44,30.0,Moderate
Haryana,Hisar,11,29.1492,75.7217,660.0,56.0,1122,0.2274869109947644,0.37578629196961033,0.44,30.7,Moderate
Haryana,Hisar,12,29.1492,75.7217,660.0,56.0,960,0.1850785340314136,0.37578629196961033,0.44,28.4,Moderate
Haryana,Panipat,1,29.3909,76.9635,660.0,56.0,579,0.08534031413612565,0.37578629196961033,0.44,22.9,Low
Haryana,Panipat,2,29.3909,76.9635,660.0,56.0,547,0.07696335078534032,0.37578629196961033,0.44,22.4,Low
Haryana,Panipat,3,29.3909,76.9635,660.0,56.0,605,0.09214659685863874,0.37578629196961033,0.44,23.3,Low
Haryana,Panipat,4,29.3909,76.9635,660.0,56.0,616,0.09502617801047121,0.37578629196961033,0.44,23.4,Low
Haryana,Panipat,5,29.3909,76.9635,660.0,56.0,668,0.10863874345549739,0.37578629196961033,0.44,24.2,Low
Haryana,Panipat,6,29.3909,76.9635,660.0,56.0,613,0.09424083769633508,0.37578629196961033,0.44,23.4,Low
Haryana,Panipat,7,29.3909,76.9635,660.0,56.0,546,0.07670157068062827,0.37578629196961033,0.44,22.4,Low
Haryana,Panipat,8,29.3909,76.9635,660.0,56.0,574,0.08403141361256544,0.37578629196961033,0.44,22.8,Low
Haryana,Panipat,9,29.3909,76.9635,660.0,56.0,610,0.09345549738219895,0.37578629196961033,0.44,23.3,Low
Haryana,Panipat,10,29.3909,76.9635,660.0,56.0,666,0.1081151832460733,0.37578629196961033,0.44,24.1,Low
Haryana,Panipat,11,29.3909,76.9635,660.0,56.0,768,0.13481675392670156,0.37578629196961033,0.44,25.6,Moderate
Haryana,Panipat,12,29.3909,76.9635,660.0,56.0,678,0.11125654450261781,0.37578629196961033,0.44,24.3,Low
Karnataka,Belagavi,1,15.8497,74.4977,290.0,66.0,577,0.08481675392670157,0.07352340495057594,0.34,13.3,Low
Karnataka,Belagavi,2,15.8497,74.4977,290.0,66.0,532,0.07303664921465969,0.07352340495057594,0.34,12.7,Low
Karnataka,Belagavi,3,15.8497,74.4977,290.0,66.0,589,0.08795811518324607,0.07352340495057594,0.34,13.5,Low
Karnataka,Belagavi,4,15.8497,74.4977,290.0,66.0,613,0.09424083769633508,0.07352340495057594,0.34,13.8,Low
Karnataka,Belagavi,5,15.8497,74.4977,290.0,66.0,683,0.112565445026178,0.07352340495057594,0.34,14.8,Low
Karnataka,Belagavi,6,15.8497,74.4977,290.0,66.0,552,0.07827225130890052,0.07352340495057594,0.34,12.9,Low
Karnataka,Belagavi,7,15.8497,74.4977,290.0,66.0,515,0.06858638743455497,0.07352340495057594,0.34,12.4,Low
Karnataka,Belagavi,8,15.8497,74.4977,290.0,66.0,553,0.07853403141361257,0.07352340495057594,0.34,13.0,Low
Karnataka,Belagavi,9,15.8497,74.4977,290.0,66.0,603,0.09162303664921466,0.07352340495057594,0.34,13.7,Low
Karnataka,Belagavi,10,15.8497,74.4977,290.0,66.0,704,0.1180628272251309,0.07352340495057594,0.34,15.1,Low
Karnataka,Belagavi,11,15.8497,74.4977,290.0,66.0,741,0.12774869109947645,0.07352340495057594,0.34,15.7,Low
Karnataka,Belagavi,12,15.8497,74.4977,290.0,66.0,637,0.10052356020942409,0.07352340495057594,0.34,14.2,Low
Karnataka,Bengaluru Urban,1,12.9716,77.5946,290.0,66.0,2170,0.5018324607329843,0.07352340495057594,0.34,36.2,Moderate
Karnataka,Bengaluru Urban,2,12.9716,77.5946,290.0,66.0,2026,0.4641361256544503,0.07352340495057594,0.34,34.2,Moderate
Karnataka,Bengaluru Urban,3,12.9716,77.5946,290.0,66.0,2304,0.5369109947643979,0.07352340495057594,0.34,38.2,Moderate
Karnataka,Bengaluru Urban,4,12.9716,77.5946,290.0,66.0,2395,0.5607329842931937,0.07352340495057594,0.34,39.5,Moderate
Karnataka,Bengaluru Urban,5,12.9716,77.5946,290.0,66.0,2451,0.5753926701570681,0.07352340495057594,0.34,40.3,Moderate
Karnataka,Bengaluru Urban,6,12.9716,77.5946,290.0,66.0,2253,0.5235602094240838,0.07352340495057594,0.34,37.4,Moderate
Karnataka,Bengaluru Urban,7,12.9716,77.5946,290.0,66.0,2008,0.4594240837696335,0.07352340495057594,0.34,33.9,Moderate
Karnataka,Bengaluru Urban,8,12.9716,77.5946,290.0,66.0,2127,0.4905759162303665,0.07352340495057594,0.34,35.6,Moderate
Karnataka,Bengaluru Urban,9,12.9716,77.5946,290.0,66.0,2310,0.5384816753926701,0.07352340495057594,0.34,38.3,Moderate
Karnataka,Bengaluru Urban,10,12.9716,77.5946,290.0,66.0,2661,0.6303664921465969,0.07352340495057594,0.34,43.3,Moderate
Karnataka,Bengaluru Urban,11,12.9716,77.5946,290.0,66.0,2716,0.6447643979057591,0.07352340495057594,0.34,44.1,Moderate
Karnataka,Bengaluru Urban,12,12.9716,77.5946,290.0,66.0,2384,0.5578534031413612,0.07352340495057594,0.34,39.3,Moderate
Karnataka,Dakshina Kannada,1,12.8438,75.2479,290.0,66.0,443,0.049738219895287955,0.07352340495057594,0.34,11.4,Low
Karnataka,Dakshina Kannada,2,12.8438,75.2479,290.0,66.0,393,0.03664921465968586,0.07352340495057594,0.34,10.7,Low
Karnataka,Dakshina Kannada,3,12.8438,75.2479,290.0,66.0,444,0.05,0.07352340495057594,0.34,11.4,Low
Karnataka,Dakshina Kannada,4,12.8438,75.2479,290.0,66.0,468,0.056282722513089,0.07352340495057594,0.34,11.7,Low
Karnataka,Dakshina Kannada,5,12.8438,75.2479,290.0,66.0,492,0.06256544502617802,0.07352340495057594,0.34,12.1,Low
Karnataka,Dakshina Kannada,6,12.8438,75.2479,290.0,66.0,456,0.053141361256544506,0.07352340495057594,0.34,11.6,Low
Karnataka,Dakshina Kannada,7,12.8438,75.2479,290.0,66.0,396,0.03743455497382199,0.07352340495057594,0.34,10.7,Low
Karnataka,Dakshina Kannada,8,12.8438,75.2479,290.0,66.0,428,0.04581151832460733,0.07352340495057594,0.34,11.2,Low
Karnataka,Dakshina Kannada,9,12.8438,75.2479,290.0,66.0,442,0.049476439790575914,0.07352340495057594,0.34,11.4,Low
Karnataka,Dakshina Kannada,10,12.8438,75.2479,290.0,66.0,553,0.07853403141361257,0.07352340495057594,0.34,13.0,Low
Karnataka,Dakshina Kannada,11,12.8438,75.2479,290.0,66.0,542,0.07565445026178011,0.07352340495057594,0.34,12.8,Low
Karnataka,Dakshina Kannada,12,12.8438,75.2479,290.0,66.0,483,0.060209424083769635,0.07352340495057594,0.34,11.9,Low
Karnataka,Mysuru,1,12.2958,76.6394,290.0,66.0,645,0.10261780104712041,0.07352340495057594,0.34,14.3,Low
Karnataka,Mysuru,2,12.2958,76.6394,290.0,66.0,640,0.10130890052356022,0.07352340495057594,0.34,14.2,Low
Karnataka,Mysuru,3,12.2958,76.6394,290.0,66.0,650,0.10392670157068062,0.07352340495057594,0.34,14.4,Low
Karnataka,Mysuru,4,12.2958,76.6394,290.0,66.0,743,0.12827225130890052,0.07352340495057594,0.34,15.7,Low
Karnataka,Mysuru,5,12.2958,76.6394,290.0,66.0,762,0.13324607329842933,0.07352340495057594,0.34,16.0,Low
Karnataka,Mysuru,6,12.2958,76.6394,290.0,66.0,642,0.1018324607329843,0.07352340495057594,0.34,14.2,Low
Karnataka,Mysuru,7,12.2958,76.6394,290.0,66.0,620,0.09607329842931937,0.07352340495057594,0.34,13.9,Low
Karnataka,Mysuru,8,12.2958,76.6394,290.0,66.0,633,0.09947643979057591,0.07352340495057594,0.34,14.1,Low
Karnataka,Mysuru,9,12.2958,76.6394,290.0,66.0,707,0.11884816753926701,0.07352340495057594,0.34,15.2,Low
Karnataka,Mysuru,10,12.2958,76.6394,290.0,66.0,781,0.1382198952879581,0.07352340495057594,0.34,16.2,Low
Karnataka,Mysuru,11,12.2958,76.6394,290.0,66.0,806,0.14476439790575915,0.07352340495057594,0.34,16.6,Low
Karnataka,Mysuru,12,12.2958,76.6394,290.0,66.0,710,0.11963350785340314,0.07352340495057594,0.34,15.2,Low
Kerala,Ernakulam,1,9.9816,76.2999,661.0,84.0,1722,0.38455497382198955,0.37660321869128344,0.16,33.8,Moderate
Kerala,Ernakulam,2,9.9816,76.2999,661.0,84.0,1662,0.368848167539267,0.37660321869128344,0.16,32.9,Moderate
Kerala,Ernakulam,3,9.9816,76.2999,661.0,84.0,1689,0.37591623036649213,0.37660321869128344,0.16,33.3,Moderate
Kerala,Ernakulam,4,9.9816,76.2999,661.0,84.0,1910,0.4337696335078534,0.37660321869128344,0.16,36.5,Moderate
Kerala,Ernakulam,5,9.9816,76.2999,661.0,84.0,2005,0.4586387434554974,0.37660321869128344,0.16,37.8,Moderate
Kerala,Ernakulam,6,9.9816,76.2999,661.0,84.0,1706,0.38036649214659685,0.37660321869128344,0.16,33.5,Moderate
Kerala,Ernakulam,7,9.9816,76.2999,661.0,84.0,1544,0.3379581151832461,0.37660321869128344,0.16,31.2,Moderate
Kerala,Ernakulam,8,9.9816,76.2999,661.0,84.0,1675,0.37225130890052355,0.37660321869128344,0.16,33.1,Moderate
Kerala,Ernakulam,9,9.9816,76.2999,661.0,84.0,1829,0.41256544502617803,0.37660321869128344,0.16,35.3,Moderate
Kerala,Ernakulam,10,9.9816,76.2999,661.0,84.0,2030,0.4651832460732984,0.37660321869128344,0.16,38.2,Moderate
Kerala,Ernakulam,11,9.9816,76.2999,661.0,84.0,2114,0.4871727748691099,0.37660321869128344,0.16,39.4,Moderate
Kerala,Ernakulam,12,9.9816,76.2999,661.0,84.0,1914,0.43481675392670155,0.37660321869128344,0.16,36.5,Moderate
Kerala,Kozhikode,1,11.2588,75.7804,661.0,84.0,1554,0.3405759162303665,0.37660321869128344,0.16,31.3,Moderate
Kerala,Kozhikode,2,11.2588,75.7804,661.0,84.0,1543,0.337696335078534,0.37660321869128344,0.16,31.2,Moderate
Kerala,Kozhikode,3,11.2588,75.7804,661.0,84.0,1617,0.35706806282722514,0.37660321869128344,0.16,32.3,Moderate
Kerala,Kozhikode,4,11.2588,75.7804,661.0,84.0,1679,0.37329842931937174,0.37660321869128344,0.16,33.1,Moderate
Kerala,Kozhikode,5,11.2588,75.7804,661.0,84.0,1885,0.4272251308900524,0.37660321869128344,0.16,36.1,Moderate
Kerala,Kozhikode,6,11.2588,75.7804,661.0,84.0,1542,0.33743455497382197,0.37660321869128344,0.16,31.2,Moderate
Kerala,Kozhikode,7,11.2588,75.7804,661.0,84.0,1531,0.3345549738219895,0.37660321869128344,0.16,31.0,Moderate
Kerala,Kozhikode,8,11.2588,75.7804,661.0,84.0,1533,0.33507853403141363,0.37660321869128344,0.16,31.0,Moderate
Kerala,Kozhikode,9,11.2588,75.7804,661.0,84.0,1743,0.3900523560209424,0.37660321869128344,0.16,34.1,Moderate
Kerala,Kozhikode,10,11.2588,75.7804,661.0,84.0,1820,0.41020942408376965,0.37660321869128344,0.16,35.2,Moderate
Kerala,Kozhikode,11,11.2588,75.7804,661.0,84.0,2062,0.4735602094240838,0.37660321869128344,0.16,38.7,Moderate
Kerala,Kozhikode,12,11.2588,75.7804,661.0,84.0,1795,0.4036649214659686,0.37660321869128344,0.16,34.8,Moderate
Kerala,Thiruvananthapuram,1,8.5241,76.9366,661.0,84.0,1912,0.4342931937172775,0.37660321869128344,0.16,36.5,Moderate
Kerala,Thiruvananthapuram,2,8.5241,76.9366,661.0,84.0,1687,0.37539267015706806,0.37660321869128344,0.16,33.3,Moderate
Kerala,Thiruvananthapuram,3,8.5241,76.9366,661.0,84.0,1838,0.41492146596858637,0.37660321869128344,0.16,35.4,Moderate
Kerala,Thiruvananthapuram,4,8.5241,76.9366,661.0,84.0,1904,0.43219895287958116,0.37660321869128344,0.16,36.4,Moderate
Kerala,Thiruvananthapuram,5,8.5241,76.9366,661.0,84.0,2036,0.4667539267015707,0.37660321869128344,0.16,38.3,Moderate
Kerala,Thiruvananthapuram,6,8.5241,76.9366,661.0,84.0,1748,0.3913612565445026,0.37660321869128344,0.16,34.1,Moderate
Kerala,Thiruvananthapuram,7,8.5241,76.9366,661.0,84.0,1584,0.3484293193717278,0.37660321869128344,0.16,31.8,Moderate
Kerala,Thiruvananthapuram,8,8.5241,76.9366,661.0,84.0,1682,0.37408376963350787,0.37660321869128344,0.16,33.2,Moderate
Kerala,Thiruvananthapuram,9,8.5241,76.9366,661.0,84.0,1892,0.42905759162303664,0.37660321869128344,0.16,36.2,Moderate
Kerala,Thiruvananthapuram,10,8.5241,76.9366,661.0,84.0,2122,0.4892670157068063,0.37660321869128344,0.16,39.5,Moderate
Kerala,Thiruvananthapuram,11,8.5241,76.9366,661.0,84.0,2206,0.5112565445026178,0.37660321869128344,0.16,40.7,Moderate
Kerala,Thiruvananthapuram,12,8.5241,76.9366,661.0,84.0,1955,0.4455497382198953,0.37660321869128344,0.16,37.1,Moderate
Kerala,Thrissur,1,10.5276,76.2144,661.0,84.0,1583,0.3481675392670157,0.37660321869128344,0.16,31.8,Moderate
Kerala,Thrissur,2,10.5276,76.2144,661.0,84.0,1528,0.3337696335078534,0.37660321869128344,0.16,31.0,Moderate
Kerala,Thrissur,3,10.5276,76.2144,661.0,84.0,1752,0.3924083769633508,0.37660321869128344,0.16,34.2,Moderate
Kerala,Thrissur,4,10.5276,76.2144,661.0,84.0,1784,0.40078534031413615,0.37660321869128344,0.16,34.7,Moderate
Kerala,Thrissur,5,10.5276,76.2144,661.0,84.0,1915,0.4350785340314136,0.37660321869128344,0.16,36.5,Moderate
Kerala,Thrissur,6,10.5276,76.2144,661.0,84.0,1661,0.36858638743455496,0.37660321869128344,0.16,32.9,Moderate
Kerala,Thrissur,7,10.5276,76.2144,661.0,84.0,1484,0.32225130890052356,0.37660321869128344,0.16,30.3,Moderate
Kerala,Thrissur,8,10.5276,76.2144,661.0,84.0,1577,0.34659685863874345,0.37660321869128344,0.16,31.7,Moderate
Kerala,Thrissur,9,10.5276,76.2144,661.0,84.0,1783,0.4005235602094241,0.37660321869128344,0.16,34.6,Moderate
Kerala,Thrissur,10,10.5276,76.2144,661.0,84.0,2090,0.48089005235602095,0.37660321869128344,0.16,39.1,Moderate
Kerala,Thrissur,11,10.5276,76.2144,661.0,84.0,2062,0.4735602094240838,0.37660321869128344,0.16,38.7,Moderate
Kerala,Thrissur,12,10.5276,76.2144,661.0,84.0,1935,0.44031413612565445,0.37660321869128344,0.16,36.8,Moderate
Madhya Pradesh,Bhopal,1,23.2599,77.4126,490.0,67.0,798,0.14267015706806283,0.23690874928518912,0.33,20.4,Low
Madhya Pradesh,Bhopal,2,23.2599,77.4126,490.0,67.0,741,0.12774869109947645,0.23690874928518912,0.33,19.5,Low
Madhya Pradesh,Bhopal,3,23.2599,77.4126,490.0,67.0,807,0.1450261780104712,0.23690874928518912,0.33,20.5,Low
Madhya Pradesh,Bhopal,4,23.2599,77.4126,490.0,67.0,829,0.15078534031413612,0.23690874928518912,0.33,20.8,Low
Madhya Pradesh,Bhopal,5,23.2599,77.4126,490.0,67.0,858,0.15837696335078533,0.23690874928518912,0.33,21.2,Low
Madhya Pradesh,Bhopal,6,23.2599,77.4126,490.0,67.0,788,0.1400523560209424,0.23690874928518912,0.33,20.2,Low
Madhya Pradesh,Bhopal,7,23.2599,77.4126,490.0,67.0,713,0.12041884816753927,0.23690874928518912,0.33,19.1,Low
Madhya Pradesh,Bhopal,8,23.2599,77.4126,490.0,67.0,747,0.12931937172774868,0.23690874928518912,0.33,19.6,Low
Madhya Pradesh,Bhopal,9,23.2599,77.4126,490.0,67.0,842,0.15418848167539267,0.23690874928518912,0.33,21.0,Low
Madhya Pradesh,Bhopal,10,23.2599,77.4126,490.0,67.0,911,0.17225130890052356,0.23690874928518912,0.33,22.0,Low
Madhya Pradesh,Bhopal,11,23.2599,77.4126,490.0,67.0,1026,0.20235602094240837,0.23690874928518912,0.33,23.7,Low
Madhya Pradesh,Bhopal,12,23.2599,77.4126,490.0,67.0,855,0.15759162303664923,0.23690874928518912,0.33,21.2,Low
Madhya Pradesh,Gwalior,1,26.2183,78.1828,490.0,67.0,587,0.08743455497382199,0.23690874928518912,0.33,17.3,Low
Madhya Pradesh,Gwalior,2,26.2183,78.1828,490.0,67.0,568,0.0824607329842932,0.23690874928518912,0.33,17.1,Low
Madhya Pradesh,Gwalior,3,26.2183,78.1828,490.0,67.0,602,0.09136125654450261,0.23690874928518912,0.33,17.5,Low
Madhya Pradesh,Gwalior,4,26.2183,78.1828,490.0,67.0,628,0.09816753926701571,0.23690874928518912,0.33,17.9,Low
Madhya Pradesh,Gwalior,5,26.2183,78.1828,490.0,67.0,700,0.11701570680628272,0.23690874928518912,0.33,19.0,Low
Madhya Pradesh,Gwalior,6,26.2183,78.1828,490.0,67.0,593,0.08900523560209424,0.23690874928518912,0.33,17.4,Low
Madhya Pradesh,Gwalior,7,26.2183,78.1828,490.0,67.0,560,0.08036649214659686,0.23690874928518912,0.33,16.9,Low
Madhya Pradesh,Gwalior,8,26.2183,78.1828,490.0,67.0,575,0.08429319371727749,0.23690874928518912,0.33,17.2,Low
Madhya Pradesh,Gwalior,9,26.2183,78.1828,490.0,67.0,611,0.093717277486911,0.23690874928518912,0.33,17.7,Low
Madhya Pradesh,Gwalior,10,26.2183,78.1828,490.0,67.0,736,0.12643979057591623,0.23690874928518912,0.33,19.5,Low
Madhya Pradesh,Gwalior,11,26.2183,78.1828,490.0,67.0,740,0.1274869109947644,0.23690874928518912,0.33,19.5,Low
Madhya Pradesh,Gwalior,12,26.2183,78.1828,490.0,67.0,662,0.10706806282722513,0.23690874928518912,0.33,18.4,Low
Madhya Pradesh,Indore,1,22.7196,75.8577,490.0,67.0,978,0.18979057591623036,0.23690874928518912,0.33,23.0,Low
Madhya Pradesh,Indore,2,22.7196,75.8577,490.0,67.0,977,0.18952879581151832,0.23690874928518912,0.33,22.9,Low
Madhya Pradesh,Indore,3,22.7196,75.8577,490.0,67.0,1050,0.20863874345549738,0.23690874928518912,0.33,24.0,Low
Madhya Pradesh,Indore,4,22.7196,75.8577,490.0,67.0,1093,0.2198952879581152,0.23690874928518912,0.33,24.6,Low
Madhya Pradesh,Indore,5,22.7196,75.8577,490.0,67.0,1164,0.23848167539267015,0.23690874928518912,0.33,25.6,Moderate
Madhya Pradesh,Indore,6,22.7196,75.8577,490.0,67.0,1031,0.2036649214659686,0.23690874928518912,0.33,23.7,Low
Madhya Pradesh,Indore,7,22.7196,75.8577,490.0,67.0,947,0.18167539267015706,0.23690874928518912,0.33,22.5,Low
Madhya Pradesh,Indore,8,22.7196,75.8577,490.0,67.0,1000,0.1955497382198953,0.23690874928518912,0.33,23.3,Low
Madhya Pradesh,Indore,9,22.7196,75.8577,490.0,67.0,1062,0.2117801047120419,0.23690874928518912,0.33,24.2,Low
Madhya Pradesh,Indore,10,22.7196,75.8577,490.0,67.0,1259,0.26335078534031414,0.23690874928518912,0.33,27.0,Moderate
Madhya Pradesh,Indore,11,22.7196,75.8577,490.0,67.0,1304,0.275130890052356,0.23690874928518912,0.33,27.7,Moderate
Madhya Pradesh,Indore,12,22.7196,75.8577,490.0,67.0,1134,0.2306282722513089,0.23690874928518912,0.33,25.2,Moderate
Madhya Pradesh,Jabalpur,1,23.1815,79.9864,490.0,67.0,685,0.1130890052356021,0.23690874928518912,0.33,18.7,Low
Madhya Pradesh,Jabalpur,2,23.1815,79.9864,490.0,67.0,650,0.10392670157068062,0.23690874928518912,0.33,18.2,Low
Madhya Pradesh,Jabalpur,3,23.1815,79.9864,490.0,67.0,713,0.12041884816753927,0.23690874928518912,0.33,19.1,Low
Madhya Pradesh,Jabalpur,4,23.1815,79.9864,490.0,67.0,738,0.12696335078534032,0.23690874928518912,0.33,19.5,Low
Madhya Pradesh,Jabalpur,5,23.1815,79.9864,490.0,67.0,774,0.13638743455497382,0.23690874928518912,0.33,20.0,Low
Madhya Pradesh,Jabalpur,6,23.1815,79.9864,490.0,67.0,684,0.11282722513089005,0.23690874928518912,0.33,18.7,Low
Madhya Pradesh,Jabalpur,7,23.1815,79.9864,490.0,67.0,647,0.10314136125654451,0.23690874928518912,0.33,18.2,Low
Madhya Pradesh,Jabalpur,8,23.1815,79.9864,490.0,67.0,664,0.10759162303664921,0.23690874928518912,0.33,18.4,Low
Madhya Pradesh,Jabalpur,9,23.1815,79.9864,490.0,67.0,710,0.11963350785340314,0.23690874928518912,0.33,19.1,Low
Madhya Pradesh,Jabalpur,10,23.1815,79.9864,490.0,67.0,838,0.1531413612565445,0.23690874928518912,0.33,20.9,Low
Madhya Pradesh,Jabalpur,11,23.1815,79.9864,490.0,67.0,888,0.1662303664921466,0.23690874928518912,0.33,21.7,Low
Madhya Pradesh,Jabalpur,12,23.1815,79.9864,490.0,67.0,725,0.12356020942408377,0.23690874928518912,0.33,19.3,Low
Maharashtra,Mumbai,1,19.076,72.8777,410.0,58.0,1683,0.3743455497382199,0.17155461155134386,0.42,33.3,Moderate
Maharashtra,Mumbai,2,19.076,72.8777,410.0,58.0,1631,0.3607329842931937,0.17155461155134386,0.42,32.5,Moderate
Maharashtra,Mumbai,3,19.076,72.8777,410.0,58.0,1811,0.40785340314136126,0.17155461155134386,0.42,35.1,Moderate
Maharashtra,Mumbai,4,19.076,72.8777,410.0,58.0,1825,0.41151832460732984,0.17155461155134386,0.42,35.3,Moderate
Maharashtra,Mumbai,5,19.076,72.8777,410.0,58.0,1971,0.44973821989528795,0.17155461155134386,0.42,37.4,Moderate
Maharashtra,Mumbai,6,19.076,72.8777,410.0,58.0,1703,0.3795811518324607,0.17155461155134386,0.42,33.6,Moderate
Maharashtra,Mumbai,7,19.076,72.8777,410.0,58.0,1496,0.3253926701570681,0.17155461155134386,0.42,30.6,Moderate
Maharashtra,Mumbai,8,19.076,72.8777,410.0,58.0,1628,0.3599476439790576,0.17155461155134386,0.42,32.5,Moderate
Maharashtra,Mumbai,9,19.076,72.8777,410.0,58.0,1808,0.40706806282722513,0.17155461155134386,0.42,35.1,Moderate
Maharashtra,Mumbai,10,19.076,72.8777,410.0,58.0,1945,0.44293193717277485,0.17155461155134386,0.42,37.1,Moderate
Maharashtra,Mumbai,11,19.076,72.8777,410.0,58.0,2089,0.4806282722513089,0.17155461155134386,0.42,39.1,Moderate
Maharashtra,Mumbai,12,19.076,72.8777,410.0,58.0,1969,0.4492146596858639,0.17155461155134386,0.42,37.4,Moderate
Maharashtra,Nagpur,1,21.1458,79.0882,410.0,58.0,565,0.08167539267015707,0.17155461155134386,0.42,17.2,Low
Maharashtra,Nagpur,2,21.1458,79.0882,410.0,58.0,577,0.08481675392670157,0.17155461155134386,0.42,17.4,Low
Maharashtra,Nagpur,3,21.1458,79.0882,410.0,58.0,567,0.08219895287958115,0.17155461155134386,0.42,17.2,Low
Maharashtra,Nagpur,4,21.1458,79.0882,410.0,58.0,609,0.09319371727748692,0.17155461155134386,0.42,17.8,Low
Maharashtra,Nagpur,5,21.1458,79.0882,410.0,58.0,659,0.10628272251308901,0.17155461155134386,0.42,18.5,Low
Maharashtra,Nagpur,6,21.1458,79.0882,410.0,58.0,579,0.08534031413612565,0.17155461155134386,0.42,17.4,Low
Maharashtra,Nagpur,7,21.1458,79.0882,410.0,58.0,542,0.07565445026178011,0.17155461155134386,0.42,16.8,Low
Maharashtra,Nagpur,8,21.1458,79.0882,410.0,58.0,573,0.08376963350785341,0.17155461155134386,0.42,17.3,Low
Maharashtra,Nagpur,9,21.1458,79.0882,410.0,58.0,601,0.09109947643979058,0.17155461155134386,0.42,17.7,Low
Maharashtra,Nagpur,10,21.1458,79.0882,410.0,58.0,701,0.11727748691099477,0.17155461155134386,0.42,19.1,Low
Maharashtra,Nagpur,11,21.1458,79.0882,410.0,58.0,743,0.12827225130890052,0.17155461155134386,0.42,19.7,Low
Maharashtra,Nagpur,12,21.1458,79.0882,410.0,58.0,616,0.09502617801047121,0.17155461155134386,0.42,17.9,Low
Maharashtra,Nashik,1,19.9975,73.7898,410.0,58.0,776,0.13691099476439791,0.17155461155134386,0.42,20.2,Low
Maharashtra,Nashik,2,19.9975,73.7898,410.0,58.0,730,0.12486910994764398,0.17155461155134386,0.42,19.6,Low
Maharashtra,Nashik,3,19.9975,73.7898,410.0,58.0,783,0.1387434554973822,0.17155461155134386,0.42,20.3,Low
Maharashtra,Nashik,4,19.9975,73.7898,410.0,58.0,805,0.14450261780104712,0.17155461155134386,0.42,20.6,Low
Maharashtra,Nashik,5,19.9975,73.7898,410.0,58.0,911,0.17225130890052356,0.17155461155134386,0.42,22.2,Low
Maharashtra,Nashik,6,19.9975,73.7898,410.0,58.0,764,0.1337696335078534,0.17155461155134386,0.42,20.0,Low
Maharashtra,Nashik,7,19.9975,73.7898,410.0,58.0,691,0.11465968586387434,0.17155461155134386,0.42,19.0,Low
Maharashtra,Nashik,8,19.9975,73.7898,410.0,58.0,734,0.12591623036649216,0.17155461155134386,0.42,19.6,Low
Maharashtra,Nashik,9,19.9975,73.7898,410.0,58.0,782,0.13848167539267014,0.17155461155134386,0.42,20.3,Low
Maharashtra,Nashik,10,19.9975,73.7898,410.0,58.0,931,0.1774869109947644,0.17155461155134386,0.42,22.5,Low
Maharashtra,Nashik,11,19.9975,73.7898,410.0,58.0,950,0.1824607329842932,0.17155461155134386,0.42,22.7,Low
Maharashtra,Nashik,12,19.9975,73.7898,410.0,58.0,818,0.14790575916230367,0.17155461155134386,0.42,20.8,Low
Maharashtra,Pune,1,18.5204,73.8567,410.0,58.0,1195,0.24659685863874345,0.17155461155134386,0.42,26.3,Moderate
Maharashtra,Pune,2,18.5204,73.8567,410.0,58.0,1115,0.2256544502617801,0.17155461155134386,0.42,25.1,Moderate
Maharashtra,Pune,3,18.5204,73.8567,410.0,58.0,1200,0.24790575916230367,0.17155461155134386,0.42,26.3,Moderate
Maharashtra,Pune,4,18.5204,73.8567,410.0,58.0,1220,0.2531413612565445,0.17155461155134386,0.42,26.6,Moderate
Maharashtra,Pune,5,18.5204,73.8567,410.0,58.0,1321,0.27958115183246074,0.17155461155134386,0.42,28.1,Moderate
Maharashtra,Pune,6,18.5204,73.8567,410.0,58.0,1145,0.23350785340314137,0.17155461155134386,0.42,25.5,Moderate
Maharashtra,Pune,7,18.5204,73.8567,410.0,58.0,1079,0.2162303664921466,0.17155461155134386,0.42,24.6,Low
Maharashtra,Pune,8,18.5204,73.8567,410.0,58.0,1127,0.22879581151832462,0.17155461155134386,0.42,25.3,Moderate
Maharashtra,Pune,9,18.5204,73.8567,410.0,58.0,1209,0.25026178010471206,0.17155461155134386,0.42,26.5,Moderate
Maharashtra,Pune,10,18.5204,73.8567,410.0,58.0,1476,0.32015706806282723,0.17155461155134386,0.42,30.3,Moderate
Maharashtra,Pune,11,18.5204,73.8567,410.0,58.0,1488,0.32329842931937175,0.17155461155134386,0.42,30.5,Moderate
Maharashtra,Pune,12,18.5204,73.8567,410.0,58.0,1228,0.25523560209424084,0.17155461155134386,0.42,26.7,Moderate
Maharashtra,Thane,1,19.2183,72.9781,410.0,58.0,1382,0.2955497382198953,0.17155461155134386,0.42,28.9,Moderate
Maharashtra,Thane,2,19.2183,72.9781,410.0,58.0,1339,0.28429319371727746,0.17155461155134386,0.42,28.3,Moderate
Maharashtra,Thane,3,19.2183,72.9781,410.0,58.0,1419,0.30523560209424083,0.17155461155134386,0.42,29.5,Moderate
Maharashtra,Thane,4,19.2183,72.9781,410.0,58.0,1474,0.31963350785340316,0.17155461155134386,0.42,30.3,Moderate
Maharashtra,Thane,5,19.2183,72.9781,410.0,58.0,1519,0.33141361256544505,0.17155461155134386,0.42,30.9,Moderate
Maharashtra,Thane,6,19.2183,72.9781,410.0,58.0,1344,0.2856020942408377,0.17155461155134386,0.42,28.4,Moderate
Maharashtra,Thane,7,19.2183,72.9781,410.0,58.0,1266,0.2651832460732984,0.17155461155134386,0.42,27.3,Moderate
Maharashtra,Thane,8,19.2183,72.9781,410.0,58.0,1359,0.2895287958115183,0.17155461155134386,0.42,28.6,Moderate
Maharashtra,Thane,9,19.2183,72.9781,410.0,58.0,1483,0.3219895287958115,0.17155461155134386,0.42,30.4,Moderate
Maharashtra,Thane,10,19.2183,72.9781,410.0,58.0,1713,0.38219895287958117,0.17155461155134386,0.42,33.7,Moderate
Maharashtra,Thane,11,19.2183,72.9781,410.0,58.0,1752,0.3924083769633508,0.17155461155134386,0.42,34.3,Moderate
Maharashtra,Thane,12,19.2183,72.9781,410.0,58.0,1536,0.33586387434554976,0.17155461155134386,0.42,31.2,Moderate
Odisha,Cuttack,1,20.4625,85.883,330.0,74.0,664,0.10759162303664921,0.10620047381749857,0.26,13.8,Low
Odisha,Cuttack,2,20.4625,85.883,330.0,74.0,640,0.10130890052356022,0.10620047381749857,0.26,13.4,Low
Odisha,Cuttack,3,20.4625,85.883,330.0,74.0,669,0.10890052356020942,0.10620047381749857,0.26,13.8,Low
Odisha,Cuttack,4,20.4625,85.883,330.0,74.0,700,0.11701570680628272,0.10620047381749857,0.26,14.3,Low
Odisha,Cuttack,5,20.4625,85.883,330.0,74.0,778,0.13743455497382198,0.10620047381749857,0.26,15.4,Low
Odisha,Cuttack,6,20.4625,85.883,330.0,74.0,637,0.10052356020942409,0.10620047381749857,0.26,13.4,Low
Odisha,Cuttack,7,20.4625,85.883,330.0,74.0,592,0.0887434554973822,0.10620047381749857,0.26,12.7,Low
Odisha,Cuttack,8,20.4625,85.883,330.0,74.0,647,0.10314136125654451,0.10620047381749857,0.26,13.5,Low
Odisha,Cuttack,9,20.4625,85.883,330.0,74.0,675,0.11047120418848168,0.10620047381749857,0.26,13.9,Low
Odisha,Cuttack,10,20.4625,85.883,330.0,74.0,778,0.13743455497382198,0.10620047381749857,0.26,15.4,Low
Odisha,Cuttack,11,20.4625,85.883,330.0,74.0,813,0.14659685863874344,0.10620047381749857,0.26,15.9,Low
Odisha,Cuttack,12,20.4625,85.883,330.0,74.0,750,0.1301047120418848,0.10620047381749857,0.26,15.0,Low
Odisha,Ganjam,1,19.387,84.6909,330.0,74.0,958,0.18455497382198952,0.10620047381749857,0.26,18.0,Low
Odisha,Ganjam,2,19.387,84.6909,330.0,74.0,869,0.1612565445026178,0.10620047381749857,0.26,16.7,Low
Odisha,Ganjam,3,19.387,84.6909,330.0,74.0,893,0.16753926701570682,0.10620047381749857,0.26,17.1,Low
Odisha,Ganjam,4,19.387,84.6909,330.0,74.0,1021,0.20104712041884817,0.10620047381749857,0.26,18.9,Low
Odisha,Ganjam,5,19.387,84.6909,330.0,74.0,1077,0.2157068062827225,0.10620047381749857,0.26,19.7,Low
Odisha,Ganjam,6,19.387,84.6909,330.0,74.0,940,0.17984293193717277,0.10620047381749857,0.26,17.7,Low
Odisha,Ganjam,7,19.387,84.6909,330.0,74.0,841,0.15392670157068064,0.10620047381749857,0.26,16.3,Low
Odisha,Ganjam,8,19.387,84.6909,330.0,74.0,882,0.16465968586387433,0.10620047381749857,0.26,16.9,Low
Odisha,Ganjam,9,19.387,84.6909,330.0,74.0,999,0.19528795811518324,0.10620047381749857,0.26,18.6,Low
Odisha,Ganjam,10,19.387,84.6909,330.0,74.0,1100,0.22172774869109949,0.10620047381749857,0.26,20.1,Low
Odisha,Ganjam,11,19.387,84.6909,330.0,74.0,1157,0.23664921465968586,0.10620047381749857,0.26,20.9,Low
Odisha,Ganjam,12,19.387,84.6909,330.0,74.0,1016,0.19973821989528795,0.10620047381749857,0.26,18.8,Low
Odisha,Khordha,1,20.1809,85.617,330.0,74.0,604,0.0918848167539267,0.10620047381749857,0.26,12.9,Low
Odisha,Khordha,2,20.1809,85.617,330.0,74.0,580,0.0856020942408377,0.10620047381749857,0.26,12.6,Low
Odisha,Khordha,3,20.1809,85.617,330.0,74.0,637,0.10052356020942409,0.10620047381749857,0.26,13.4,Low
Odisha,Khordha,4,20.1809,85.617,330.0,74.0,672,0.10968586387434555,0.10620047381749857,0.26,13.9,Low
Odisha,Khordha,5,20.1809,85.617,330.0,74.0,730,0.12486910994764398,0.10620047381749857,0.26,14.7,Low
Odisha,Khordha,6,20.1809,85.617,330.0,74.0,620,0.09607329842931937,0.10620047381749857,0.26,13.1,Low
Odisha,Khordha,7,20.1809,85.617,330.0,74.0,561,0.0806282722513089,0.10620047381749857,0.26,12.3,Low
Odisha,Khordha,8,20.1809,85.617,330.0,74.0,644,0.10235602094240838,0.10620047381749857,0.26,13.5,Low
Odisha,Khordha,9,20.1809,85.617,330.0,74.0,680,0.11178010471204189,0.10620047381749857,0.26,14.0,Low
Odisha,Khordha,10,20.1809,85.617,330.0,74.0,743,0.12827225130890052,0.10620047381749857,0.26,14.9,Low
Odisha,Khordha,11,20.1809,85.617,330.0,74.0,801,0.14345549738219895,0.10620047381749857,0.26,15.7,Low
Odisha,Khordha,12,20.1809,85.617,330.0,74.0,666,0.1081151832460733,0.10620047381749857,0.26,13.8,Low
Punjab,Amritsar,1,31.634,74.8723,295.0,68.0,547,0.07696335078534032,0.07760803855894127,0.32,12.6,Low
Punjab,Amritsar,2,31.634,74.8723,295.0,68.0,498,0.06413612565445026,0.07760803855894127,0.32,11.9,Low
Punjab,Amritsar,3,31.634,74.8723,295.0,68.0,557,0.07958115183246073,0.07760803855894127,0.32,12.7,Low
Punjab,Amritsar,4,31.634,74.8723,295.0,68.0,567,0.08219895287958115,0.07760803855894127,0.32,12.9,Low
Punjab,Amritsar,5,31.634,74.8723,295.0,68.0,600,0.09083769633507853,0.07760803855894127,0.32,13.3,Low
Punjab,Amritsar,6,31.634,74.8723,295.0,68.0,526,0.07146596858638743,0.07760803855894127,0.32,12.3,Low
Punjab,Amritsar,7,31.634,74.8723,295.0,68.0,521,0.07015706806282722,0.07760803855894127,0.32,12.2,Low
Punjab,Amritsar,8,31.634,74.8723,295.0,68.0,533,0.07329842931937172,0.07760803855894127,0.32,12.4,Low
Punjab,Amritsar,9,31.634,74.8723,295.0,68.0,519,0.06963350785340314,0.07760803855894127,0.32,12.2,Low
Punjab,Amritsar,10,31.634,74.8723,295.0,68.0,642,0.1018324607329843,0.07760803855894127,0.32,13.9,Low
Punjab,Amritsar,11,31.634,74.8723,295.0,68.0,651,0.10418848167539267,0.07760803855894127,0.32,14.1,Low
Punjab,Amritsar,12,31.634,74.8723,295.0,68.0,570,0.08298429319371728,0.07760803855894127,0.32,12.9,Low
Punjab,Jalandhar,1,31.326,75.5762,295.0,68.0,459,0.05392670157068063,0.07760803855894127,0.32,11.3,Low
Punjab,Jalandhar,2,31.326,75.5762,295.0,68.0,439,0.04869109947643979,0.07760803855894127,0.32,11.0,Low
Punjab,Jalandhar,3,31.326,75.5762,295.0,68.0,486,0.06099476439790576,0.07760803855894127,0.32,11.7,Low
Punjab,Jalandhar,4,31.326,75.5762,295.0,68.0,445,0.050261780104712044,0.07760803855894127,0.32,11.1,Low
Punjab,Jalandhar,5,31.326,75.5762,295.0,68.0,506,0.0662303664921466,0.07760803855894127,0.32,12.0,Low
Punjab,Jalandhar,6,31.326,75.5762,295.0,68.0,454,0.05261780104712042,0.07760803855894127,0.32,11.2,Low
Punjab,Jalandhar,7,31.326,75.5762,295.0,68.0,420,0.043717277486910996,0.07760803855894127,0.32,10.7,Low
Punjab,Jalandhar,8,31.326,75.5762,295.0,68.0,439,0.04869109947643979,0.07760803855894127,0.32,11.0,Low
Punjab,Jalandhar,9,31.326,75.5762,295.0,68.0,493,0.06282722513089005,0.07760803855894127,0.32,11.8,Low
Punjab,Jalandhar,10,31.326,75.5762,295.0,68.0,573,0.08376963350785341,0.07760803855894127,0.32,12.9,Low
Punjab,Jalandhar,11,31.326,75.5762,295.0,68.0,594,0.08926701570680629,0.07760803855894127,0.32,13.2,Low
Punjab,Jalandhar,12,31.326,75.5762,295.0,68.0,501,0.06492146596858639,0.07760803855894127,0.32,11.9,Low
Punjab,Ludhiana,1,30.901,75.8573,295.0,68.0,760,0.13272251308900523,0.07760803855894127,0.32,15.6,Low
Punjab,Ludhiana,2,30.901,75.8573,295.0,68.0,698,0.11649214659685864,0.07760803855894127,0.32,14.7,Low
Punjab,Ludhiana,3,30.901,75.8573,295.0,68.0,771,0.1356020942408377,0.07760803855894127,0.32,15.8,Low
Punjab,Ludhiana,4,30.901,75.8573,295.0,68.0,803,0.14397905759162305,0.07760803855894127,0.32,16.3,Low
Punjab,Ludhiana,5,30.901,75.8573,295.0,68.0,890,0.1667539267015707,0.07760803855894127,0.32,17.5,Low
Punjab,Ludhiana,6,30.901,75.8573,295.0,68.0,763,0.13350785340314136,0.07760803855894127,0.32,15.7,Low
Punjab,Ludhiana,7,30.901,75.8573,295.0,68.0,681,0.11204188481675392,0.07760803855894127,0.32,14.5,Low
Punjab,Ludhiana,8,30.901,75.8573,295.0,68.0,761,0.13298429319371727,0.07760803855894127,0.32,15.7,Low
Punjab,Ludhiana,9,30.901,75.8573,295.0,68.0,831,0.15130890052356022,0.07760803855894127,0.32,16.7,Low
Punjab,Ludhiana,10,30.901,75.8573,295.0,68.0,898,0.168848167539267,0.07760803855894127,0.32,17.6,Low
Punjab,Ludhiana,11,30.901,75.8573,295.0,68.0,948,0.18193717277486912,0.07760803855894127,0.32,18.3,Low
Punjab,Ludhiana,12,30.901,75.8573,295.0,68.0,854,0.15732984293193716,0.07760803855894127,0.32,17.0,Low
Rajasthan,Jaipur,1,26.9124,75.7873,520.0,71.0,1920,0.4363874345549738,0.26141655093538113,0.29,36.3,Moderate
Rajasthan,Jaipur,2,26.9124,75.7873,520.0,71.0,1847,0.41727748691099475,0.26141655093538113,0.29,35.3,Moderate
Rajasthan,Jaipur,3,26.9124,75.7873,520.0,71.0,1972,0.45,0.26141655093538113,0.29,37.1,Moderate
Rajasthan,Jaipur,4,26.9124,75.7873,520.0,71.0,1981,0.4523560209424084,0.26141655093538113,0.29,37.2,Moderate
Rajasthan,Jaipur,5,26.9124,75.7873,520.0,71.0,2123,0.4895287958115183,0.26141655093538113,0.29,39.3,Moderate
Rajasthan,Jaipur,6,26.9124,75.7873,520.0,71.0,1916,0.4353403141361257,0.26141655093538113,0.29,36.3,Moderate
Rajasthan,Jaipur,7,26.9124,75.7873,520.0,71.0,1814,0.4086387434554974,0.26141655093538113,0.29,34.8,Moderate
Rajasthan,Jaipur,8,26.9124,75.7873,520.0,71.0,1824,0.4112565445026178,0.26141655093538113,0.29,35.0,Moderate
Rajasthan,Jaipur,9,26.9124,75.7873,520.0,71.0,2128,0.4908376963350785,0.26141655093538113,0.29,39.3,Moderate
Rajasthan,Jaipur,10,26.9124,75.7873,520.0,71.0,2254,0.5238219895287958,0.26141655093538113,0.29,41.1,Moderate
Rajasthan,Jaipur,11,26.9124,75.7873,520.0,71.0,2352,0.5494764397905759,0.26141655093538113,0.29,42.6,Moderate
Rajasthan,Jaipur,12,26.9124,75.7873,520.0,71.0,2093,0.4816753926701571,0.26141655093538113,0.29,38.8,Moderate
Rajasthan,Jodhpur,1,26.2389,73.0243,520.0,71.0,864,0.15994764397905759,0.26141655093538113,0.29,21.1,Low
Rajasthan,Jodhpur,2,26.2389,73.0243,520.0,71.0,945,0.181151832460733,0.26141655093538113,0.29,22.3,Low
Rajasthan,Jodhpur,3,26.2389,73.0243,520.0,71.0,962,0.1856020942408377,0.26141655093538113,0.29,22.5,Low
Rajasthan,Jodhpur,4,26.2389,73.0243,520.0,71.0,1040,0.20602094240837696,0.26141655093538113,0.29,23.7,Low
Rajasthan,Jodhpur,5,26.2389,73.0243,520.0,71.0,1135,0.23089005235602095,0.26141655093538113,0.29,25.0,Moderate
Rajasthan,Jodhpur,6,26.2389,73.0243,520.0,71.0,968,0.18717277486910994,0.26141655093538113,0.29,22.6,Low
Rajasthan,Jodhpur,7,26.2389,73.0243,520.0,71.0,915,0.17329842931937173,0.26141655093538113,0.29,21.9,Low
Rajasthan,Jodhpur,8,26.2389,73.0243,520.0,71.0,914,0.1730366492146597,0.26141655093538113,0.29,21.9,Low
Rajasthan,Jodhpur,9,26.2389,73.0243,520.0,71.0,1032,0.20392670157068063,0.26141655093538113,0.29,23.6,Low
Rajasthan,Jodhpur,10,26.2389,73.0243,520.0,71.0,1160,0.237434554973822,0.26141655093538113,0.29,25.4,Moderate
Rajasthan,Jodhpur,11,26.2389,73.0243,520.0,71.0,1194,0.24633507853403142,0.26141655093538113,0.29,25.9,Moderate
Rajasthan,Jodhpur,12,26.2389,73.0243,520.0,71.0,1011,0.19842931937172775,0.26141655093538113,0.29,23.2,Low
Rajasthan,Kota,1,25.2138,75.8648,520.0,71.0,605,0.09214659685863874,0.26141655093538113,0.29,17.4,Low
Rajasthan,Kota,2,25.2138,75.8648,520.0,71.0,601,0.09109947643979058,0.26141655093538113,0.29,17.3,Low
Rajasthan,Kota,3,25.2138,75.8648,520.0,71.0,654,0.1049738219895288,0.26141655093538113,0.29,18.1,Low
Rajasthan,Kota,4,25.2138,75.8648,520.0,71.0,685,0.1130890052356021,0.26141655093538113,0.29,18.6,Low
Rajasthan,Kota,5,25.2138,75.8648,520.0,71.0,760,0.13272251308900523,0.26141655093538113,0.29,19.6,Low
Rajasthan,Kota,6,25.2138,75.8648,520.0,71.0,630,0.0986910994764398,0.26141655093538113,0.29,17.8,Low
Rajasthan,Kota,7,25.2138,75.8648,520.0,71.0,609,0.09319371727748692,0.26141655093538113,0.29,17.5,Low
Rajasthan,Kota,8,25.2138,75.8648,520.0,71.0,614,0.09450261780104711,0.26141655093538113,0.29,17.5,Low
Rajasthan,Kota,9,25.2138,75.8648,520.0,71.0,654,0.1049738219895288,0.26141655093538113,0.29,18.1,Low
Rajasthan,Kota,10,25.2138,75.8648,520.0,71.0,762,0.13324607329842933,0.26141655093538113,0.29,19.7,Low
Rajasthan,Kota,11,25.2138,75.8648,520.0,71.0,784,0.13900523560209424,0.26141655093538113,0.29,20.0,Low
Rajasthan,Kota,12,25.2138,75.8648,520.0,71.0,684,0.11282722513089005,0.26141655093538113,0.29,18.5,Low
Rajasthan,Udaipur,1,24.5854,73.7125,520.0,71.0,730,0.12486910994764398,0.26141655093538113,0.29,19.2,Low
Rajasthan,Udaipur,2,24.5854,73.7125,520.0,71.0,712,0.12015706806282722,0.26141655093538113,0.29,18.9,Low
Rajasthan,Udaipur,3,24.5854,73.7125,520.0,71.0,779,0.13769633507853404,0.26141655093538113,0.29,19.9,Low
Rajasthan,Udaipur,4,24.5854,73.7125,520.0,71.0,817,0.14764397905759163,0.26141655093538113,0.29,20.5,Low
Rajasthan,Udaipur,5,24.5854,73.7125,520.0,71.0,844,0.15471204188481674,0.26141655093538113,0.29,20.8,Low
Rajasthan,Udaipur,6,24.5854,73.7125,520.0,71.0,732,0.12539267015706806,0.26141655093538113,0.29,19.2,Low
Rajasthan,Udaipur,7,24.5854,73.7125,520.0,71.0,710,0.11963350785340314,0.26141655093538113,0.29,18.9,Low
Rajasthan,Udaipur,8,24.5854,73.7125,520.0,71.0,738,0.12696335078534032,0.26141655093538113,0.29,19.3,Low
Rajasthan,Udaipur,9,24.5854,73.7125,520.0,71.0,804,0.14424083769633508,0.26141655093538113,0.29,20.3,Low
Rajasthan,Udaipur,10,24.5854,73.7125,520.0,71.0,902,0.16989528795811518,0.26141655093538113,0.29,21.7,Low
Rajasthan,Udaipur,11,24.5854,73.7125,520.0,71.0,913,0.17277486910994763,0.26141655093538113,0.29,21.8,Low
Rajasthan,Udaipur,12,24.5854,73.7125,520.0,71.0,829,0.15078534031413612,0.26141655093538113,0.29,20.6,Low
Tamil Nadu,Chennai,1,13.0827,80.2707,310.0,80.0,964,0.18612565445026177,0.08986193938403726,0.2,16.5,Low
Tamil Nadu,Chennai,2,13.0827,80.2707,310.0,80.0,919,0.1743455497382199,0.08986193938403726,0.2,15.8,Low
Tamil Nadu,Chennai,3,13.0827,80.2707,310.0,80.0,1020,0.2007853403141361,0.08986193938403726,0.2,17.3,Low
Tamil Nadu,Chennai,4,13.0827,80.2707,310.0,80.0,1039,0.20575916230366492,0.08986193938403726,0.2,17.6,Low
Tamil Nadu,Chennai,5,13.0827,80.2707,310.0,80.0,1115,0.2256544502617801,0.08986193938403726,0.2,18.7,Low
Tamil Nadu,Chennai,6,13.0827,80.2707,310.0,80.0,962,0.1856020942408377,0.08986193938403726,0.2,16.5,Low
Tamil Nadu,Chennai,7,13.0827,80.2707,310.0,80.0,873,0.16230366492146597,0.08986193938403726,0.2,15.2,Low
Tamil Nadu,Chennai,8,13.0827,80.2707,310.0,80.0,921,0.17486910994764399,0.08986193938403726,0.2,15.9,Low
Tamil Nadu,Chennai,9,13.0827,80.2707,310.0,80.0,1028,0.20287958115183247,0.08986193938403726,0.2,17.4,Low
Tamil Nadu,Chennai,10,13.0827,80.2707,310.0,80.0,1140,0.23219895287958114,0.08986193938403726,0.2,19.0,Low
Tamil Nadu,Chennai,11,13.0827,80.2707,310.0,80.0,1235,0.2570680628272251,0.08986193938403726,0.2,20.4,Low
Tamil Nadu,Chennai,12,13.0827,80.2707,310.0,80.0,1057,0.21047120418848167,0.08986193938403726,0.2,17.8,Low
Tamil Nadu,Coimbatore,1,11.0168,76.9558,310.0,80.0,736,0.12643979057591623,0.08986193938403726,0.2,13.2,Low
Tamil Nadu,Coimbatore,2,11.0168,76.9558,310.0,80.0,706,0.11858638743455498,0.08986193938403726,0.2,12.8,Low
Tamil Nadu,Coimbatore,3,11.0168,76.9558,310.0,80.0,754,0.13115183246073298,0.08986193938403726,0.2,13.5,Low
Tamil Nadu,Coimbatore,4,11.0168,76.9558,310.0,80.0,827,0.15026178010471203,0.08986193938403726,0.2,14.5,Low
Tamil Nadu,Coimbatore,5,11.0168,76.9558,310.0,80.0,890,0.1667539267015707,0.08986193938403726,0.2,15.4,Low
Tamil Nadu,Coimbatore,6,11.0168,76.9558,310.0,80.0,737,0.12670157068062826,0.08986193938403726,0.2,13.2,Low
Tamil Nadu,Coimbatore,7,11.0168,76.9558,310.0,80.0,642,0.1018324607329843,0.08986193938403726,0.2,11.8,Low
Tamil Nadu,Coimbatore,8,11.0168,76.9558,310.0,80.0,701,0.11727748691099477,0.08986193938403726,0.2,12.7,Low
Tamil Nadu,Coimbatore,9,11.0168,76.9558,310.0,80.0,736,0.12643979057591623,0.08986193938403726,0.2,13.2,Low
Tamil Nadu,Coimbatore,10,11.0168,76.9558,310.0,80.0,881,0.1643979057591623,0.08986193938403726,0.2,15.3,Low
Tamil Nadu,Coimbatore,11,11.0168,76.9558,310.0,80.0,872,0.16204188481675394,0.08986193938403726,0.2,15.2,Low
Tamil Nadu,Coimbatore,12,11.0168,76.9558,310.0,80.0,796,0.14214659685863873,0.08986193938403726,0.2,14.1,Low
Tamil Nadu,Madurai,1,9.9252,78.1198,310.0,80.0,593,0.08900523560209424,0.08986193938403726,0.2,11.1,Low
Tamil Nadu,Madurai,2,9.9252,78.1198,310.0,80.0,587,0.08743455497382199,0.08986193938403726,0.2,11.1,Low
Tamil Nadu,Madurai,3,9.9252,78.1198,310.0,80.0,659,0.10628272251308901,0.08986193938403726,0.2,12.1,Low
Tamil Nadu,Madurai,4,9.9252,78.1198,310.0,80.0,638,0.10078534031413612,0.08986193938403726,0.2,11.8,Low
Tamil Nadu,Madurai,5,9.9252,78.1198,310.0,80.0,715,0.12094240837696335,0.08986193938403726,0.2,12.9,Low
Tamil Nadu,Madurai,6,9.9252,78.1198,310.0,80.0,647,0.10314136125654451,0.08986193938403726,0.2,11.9,Low
Tamil Nadu,Madurai,7,9.9252,78.1198,310.0,80.0,599,0.0905759162303665,0.08986193938403726,0.2,11.2,Low
Tamil Nadu,Madurai,8,9.9252,78.1198,310.0,80.0,596,0.08979057591623037,0.08986193938403726,0.2,11.2,Low
Tamil Nadu,Madurai,9,9.9252,78.1198,310.0,80.0,626,0.09764397905759162,0.08986193938403726,0.2,11.6,Low
Tamil Nadu,Madurai,10,9.9252,78.1198,310.0,80.0,775,0.13664921465968585,0.08986193938403726,0.2,13.8,Low
Tamil Nadu,Madurai,11,9.9252,78.1198,310.0,80.0,733,0.1256544502617801,0.08986193938403726,0.2,13.2,Low
Tamil Nadu,Madurai,12,9.9252,78.1198,310.0,80.0,719,0.12198952879581151,0.08986193938403726,0.2,13.0,Low
Tamil Nadu,Tiruchirappalli,1,10.7905,78.7047,310.0,80.0,529,0.07225130890052356,0.08986193938403726,0.2,10.2,Low
Tamil Nadu,Tiruchirappalli,2,10.7905,78.7047,310.0,80.0,506,0.0662303664921466,0.08986193938403726,0.2,9.9,Low
Tamil Nadu,Tiruchirappalli,3,10.7905,78.7047,310.0,80.0,539,0.07486910994764398,0.08986193938403726,0.2,10.4,Low
Tamil Nadu,Tiruchirappalli,4,10.7905,78.7047,310.0,80.0,556,0.0793193717277487,0.08986193938403726,0.2,10.6,Low
Tamil Nadu,Tiruchirappalli,5,10.7905,78.7047,310.0,80.0,585,0.08691099476439791,0.08986193938403726,0.2,11.0,Low
Tamil Nadu,Tiruchirappalli,6,10.7905,78.7047,310.0,80.0,521,0.07015706806282722,0.08986193938403726,0.2,10.1,Low
Tamil Nadu,Tiruchirappalli,7,10.7905,78.7047,310.0,80.0,493,0.06282722513089005,0.08986193938403726,0.2,9.7,Low
Tamil Nadu,Tiruchirappalli,8,10.7905,78.7047,310.0,80.0,523,0.07068062827225131,0.08986193938403726,0.2,10.1,Low
Tamil Nadu,Tiruchirappalli,9,10.7905,78.7047,310.0,80.0,553,0.07853403141361257,0.08986193938403726,0.2,10.6,Low
Tamil Nadu,Tiruchirappalli,10,10.7905,78.7047,310.0,80.0,616,0.09502617801047121,0.08986193938403726,0.2,11.5,Low
Tamil Nadu,Tiruchirappalli,11,10.7905,78.7047,310.0,80.0,662,0.10706806282722513,0.08986193938403726,0.2,12.1,Low
Tamil Nadu,Tiruchirappalli,12,10.7905,78.7047,310.0,80.0,596,0.08979057591623037,0.08986193938403726,0.2,11.2,Low
Telangana,Hyderabad,1,17.385,78.4867,410.0,62.0,1177,0.2418848167539267,0.17155461155134386,0.38,25.2,Moderate
Telangana,Hyderabad,2,17.385,78.4867,410.0,62.0,1185,0.24397905759162303,0.17155461155134386,0.38,25.3,Moderate
Telangana,Hyderabad,3,17.385,78.4867,410.0,62.0,1228,0.25523560209424084,0.17155461155134386,0.38,25.9,Moderate
Telangana,Hyderabad,4,17.385,78.4867,410.0,62.0,1325,0.2806282722513089,0.17155461155134386,0.38,27.3,Moderate
Telangana,Hyderabad,5,17.385,78.4867,410.0,62.0,1365,0.29109947643979056,0.17155461155134386,0.38,27.9,Moderate
Telangana,Hyderabad,6,17.385,78.4867,410.0,62.0,1209,0.25026178010471206,0.17155461155134386,0.38,25.7,Moderate
Telangana,Hyderabad,7,17.385,78.4867,410.0,62.0,1106,0.22329842931937172,0.17155461155134386,0.38,24.2,Low
Telangana,Hyderabad,8,17.385,78.4867,410.0,62.0,1143,0.23298429319371727,0.17155461155134386,0.38,24.7,Low
Telangana,Hyderabad,9,17.385,78.4867,410.0,62.0,1353,0.2879581151832461,0.17155461155134386,0.38,27.7,Moderate
Telangana,Hyderabad,10,17.385,78.4867,410.0,62.0,1387,0.29685863874345547,0.17155461155134386,0.38,28.2,Moderate
Telangana,Hyderabad,11,17.385,78.4867,410.0,62.0,1592,0.3505235602094241,0.17155461155134386,0.38,31.2,Moderate
Telangana,Hyderabad,12,17.385,78.4867,410.0,62.0,1297,0.2732984293193717,0.17155461155134386,0.38,26.9,Moderate
Telangana,Rangareddy,1,17.3,78.35,410.0,62.0,1395,0.29895287958115185,0.17155461155134386,0.38,28.3,Moderate
Telangana,Rangareddy,2,17.3,78.35,410.0,62.0,1416,0.3044502617801047,0.17155461155134386,0.38,28.6,Moderate
Telangana,Rangareddy,3,17.3,78.35,410.0,62.0,1496,0.3253926701570681,0.17155461155134386,0.38,29.8,Moderate
Telangana,Rangareddy,4,17.3,78.35,410.0,62.0,1494,0.32486910994764395,0.17155461155134386,0.38,29.8,Moderate
Telangana,Rangareddy,5,17.3,78.35,410.0,62.0,1632,0.36099476439790573,0.17155461155134386,0.38,31.7,Moderate
Telangana,Rangareddy,6,17.3,78.35,410.0,62.0,1484,0.32225130890052356,0.17155461155134386,0.38,29.6,Moderate
Telangana,Rangareddy,7,17.3,78.35,410.0,62.0,1284,0.2698952879581152,0.17155461155134386,0.38,26.7,Moderate
Telangana,Rangareddy,8,17.3,78.35,410.0,62.0,1340,0.2845549738219895,0.17155461155134386,0.38,27.5,Moderate
Telangana,Rangareddy,9,17.3,78.35,410.0,62.0,1528,0.3337696335078534,0.17155461155134386,0.38,30.2,Moderate
Telangana,Rangareddy,10,17.3,78.35,410.0,62.0,1668,0.3704188481675393,0.17155461155134386,0.38,32.3,Moderate
Telangana,Rangareddy,11,17.3,78.35,410.0,62.0,1718,0.38350785340314136,0.17155461155134386,0.38,33.0,Moderate
Telangana,Rangareddy,12,17.3,78.35,410.0,62.0,1592,0.3505235602094241,0.17155461155134386,0.38,31.2,Moderate
Telangana,Warangal Urban,1,17.9689,79.5941,410.0,62.0,332,0.020680628272251308,0.17155461155134386,0.38,13.0,Low
Telangana,Warangal Urban,2,17.9689,79.5941,410.0,62.0,322,0.01806282722513089,0.17155461155134386,0.38,12.9,Low
Telangana,Warangal Urban,3,17.9689,79.5941,410.0,62.0,345,0.024083769633507852,0.17155461155134386,0.38,13.2,Low
Telangana,Warangal Urban,4,17.9689,79.5941,410.0,62.0,341,0.023036649214659685,0.17155461155134386,0.38,13.2,Low
Telangana,Warangal Urban,5,17.9689,79.5941,410.0,62.0,395,0.03717277486910995,0.17155461155134386,0.38,13.9,Low
Telangana,Warangal Urban,6,17.9689,79.5941,410.0,62.0,351,0.025654450261780103,0.17155461155134386,0.38,13.3,Low
Telangana,Warangal Urban,7,17.9689,79.5941,410.0,62.0,302,0.012827225130890052,0.17155461155134386,0.38,12.6,Low
Telangana,Warangal Urban,8,17.9689,79.5941,410.0,62.0,311,0.015183246073298429,0.17155461155134386,0.38,12.7,Low
Telangana,Warangal Urban,9,17.9689,79.5941,410.0,62.0,356,0.026963350785340314,0.17155461155134386,0.38,13.4,Low
Telangana,Warangal Urban,10,17.9689,79.5941,410.0,62.0,413,0.041884816753926704,0.17155461155134386,0.38,14.2,Low
Telangana,Warangal Urban,11,17.9689,79.5941,410.0,62.0,420,0.043717277486910996,0.17155461155134386,0.38,14.3,Low
Telangana,Warangal Urban,12,17.9689,79.5941,410.0,62.0,382,0.033769633507853405,0.17155461155134386,0.38,13.7,Low
Uttar Pradesh,Agra,1,27.1767,78.0081,380.0,82.0,1148,0.2342931937172775,0.14704680990115188,0.18,20.2,Low
Uttar Pradesh,Agra,2,27.1767,78.0081,380.0,82.0,1045,0.20732984293193718,0.14704680990115188,0.18,18.7,Low
Uttar Pradesh,Agra,3,27.1767,78.0081,380.0,82.0,1187,0.24450261780104712,0.14704680990115188,0.18,20.7,Low
Uttar Pradesh,Agra,4,27.1767,78.0081,380.0,82.0,1218,0.2526178010471204,0.14704680990115188,0.18,21.2,Low
Uttar Pradesh,Agra,5,27.1767,78.0081,380.0,82.0,1312,0.27722513089005235,0.14704680990115188,0.18,22.5,Low
Uttar Pradesh,Agra,6,27.1767,78.0081,380.0,82.0,1139,0.2319371727748691,0.14704680990115188,0.18,20.0,Low
Uttar Pradesh,Agra,7,27.1767,78.0081,380.0,82.0,1037,0.20523560209424083,0.14704680990115188,0.18,18.6,Low
Uttar Pradesh,Agra,8,27.1767,78.0081,380.0,82.0,1095,0.22041884816753926,0.14704680990115188,0.18,19.4,Low
Uttar Pradesh,Agra,9,27.1767,78.0081,380.0,82.0,1175,0.2413612565445026,0.14704680990115188,0.18,20.6,Low
Uttar Pradesh,Agra,10,27.1767,78.0081,380.0,82.0,1395,0.29895287958115185,0.14704680990115188,0.18,23.7,Low
Uttar Pradesh,Agra,11,27.1767,78.0081,380.0,82.0,1485,0.3225130890052356,0.14704680990115188,0.18,25.0,Moderate
Uttar Pradesh,Agra,12,27.1767,78.0081,380.0,82.0,1241,0.25863874345549737,0.14704680990115188,0.18,21.5,Low
Uttar Pradesh,Ghaziabad,1,28.6692,77.4538,380.0,82.0,1250,0.26099476439790575,0.14704680990115188,0.18,21.6,Low
Uttar Pradesh,Ghaziabad,2,28.6692,77.4538,380.0,82.0,1187,0.24450261780104712,0.14704680990115188,0.18,20.7,Low
Uttar Pradesh,Ghaziabad,3,28.6692,77.4538,380.0,82.0,1343,0.28534031413612565,0.14704680990115188,0.18,23.0,Low
Uttar Pradesh,Ghaziabad,4,28.6692,77.4538,380.0,82.0,1332,0.2824607329842932,0.14704680990115188,0.18,22.8,Low
Uttar Pradesh,Ghaziabad,5,28.6692,77.4538,380.0,82.0,1375,0.293717277486911,0.14704680990115188,0.18,23.4,Low
Uttar Pradesh,Ghaziabad,6,28.6692,77.4538,380.0,82.0,1250,0.26099476439790575,0.14704680990115188,0.18,21.6,Low
Uttar Pradesh,Ghaziabad,7,28.6692,77.4538,380.0,82.0,1194,0.24633507853403142,0.14704680990115188,0.18,20.8,Low
Uttar Pradesh,Ghaziabad,8,28.6692,77.4538,380.0,82.0,1251,0.2612565445026178,0.14704680990115188,0.18,21.6,Low
Uttar Pradesh,Ghaziabad,9,28.6692,77.4538,380.0,82.0,1328,0.281413612565445,0.14704680990115188,0.18,22.8,Low
Uttar Pradesh,Ghaziabad,10,28.6692,77.4538,380.0,82.0,1463,0.31675392670157065,0.14704680990115188,0.18,24.7,Low
Uttar Pradesh,Ghaziabad,11,28.6692,77.4538,380.0,82.0,1571,0.3450261780104712,0.14704680990115188,0.18,26.3,Moderate
Uttar Pradesh,Ghaziabad,12,28.6692,77.4538,380.0,82.0,1446,0.312303664921466,0.14704680990115188,0.18,24.5,Low
Uttar Pradesh,Kanpur Nagar,1,26.4499,80.3319,380.0,82.0,1177,0.2418848167539267,0.14704680990115188,0.18,20.6,Low
Uttar Pradesh,Kanpur Nagar,2,26.4499,80.3319,380.0,82.0,1187,0.24450261780104712,0.14704680990115188,0.18,20.7,Low
Uttar Pradesh,Kanpur Nagar,3,26.4499,80.3319,380.0,82.0,1223,0.25392670157068065,0.14704680990115188,0.18,21.2,Low
Uttar Pradesh,Kanpur Nagar,4,26.4499,80.3319,380.0,82.0,1284,0.2698952879581152,0.14704680990115188,0.18,22.1,Low
Uttar Pradesh,Kanpur Nagar,5,26.4499,80.3319,380.0,82.0,1374,0.29345549738219895,0.14704680990115188,0.18,23.4,Low
Uttar Pradesh,Kanpur Nagar,6,26.4499,80.3319,380.0,82.0,1198,0.24738219895287958,0.14704680990115188,0.18,20.9,Low
Uttar Pradesh,Kanpur Nagar,7,26.4499,80.3319,380.0,82.0,1088,0.21858638743455497,0.14704680990115188,0.18,19.3,Low
Uttar Pradesh,Kanpur Nagar,8,26.4499,80.3319,380.0,82.0,1151,0.2350785340314136,0.14704680990115188,0.18,20.2,Low
Uttar Pradesh,Kanpur Nagar,9,26.4499,80.3319,380.0,82.0,1229,0.2554973821989529,0.14704680990115188,0.18,21.3,Low
Uttar Pradesh,Kanpur Nagar,10,26.4499,80.3319,380.0,82.0,1467,0.31780104712041884,0.14704680990115188,0.18,24.8,Low
Uttar Pradesh,Kanpur Nagar,11,26.4499,80.3319,380.0,82.0,1466,0.3175392670157068,0.14704680990115188,0.18,24.7,Low
Uttar Pradesh,Kanpur Nagar,12,26.4499,80.3319,380.0,82.0,1326,0.28089005235602094,0.14704680990115188,0.18,22.7,Low
Uttar Pradesh,Lucknow,1,26.8467,80.9462,380.0,82.0,1448,0.31282722513089006,0.14704680990115188,0.18,24.5,Low
Uttar Pradesh,Lucknow,2,26.8467,80.9462,380.0,82.0,1267,0.26544502617801047,0.14704680990115188,0.18,21.9,Low
Uttar Pradesh,Lucknow,3,26.8467,80.9462,380.0,82.0,1417,0.30471204188481676,0.14704680990115188,0.18,24.0,Low
Uttar Pradesh,Lucknow,4,26.8467,80.9462,380.0,82.0,1493,0.32460732984293195,0.14704680990115188,0.18,25.1,Moderate
Uttar Pradesh,Lucknow,5,26.8467,80.9462,380.0,82.0,1626,0.35942408376963353,0.14704680990115188,0.18,27.0,Moderate
Uttar Pradesh,Lucknow,6,26.8467,80.9462,380.0,82.0,1404,0.3013089005235602,0.14704680990115188,0.18,23.8,Low
Uttar Pradesh,Lucknow,7,26.8467,80.9462,380.0,82.0,1309,0.2764397905759162,0.14704680990115188,0.18,22.5,Low
Uttar Pradesh,Lucknow,8,26.8467,80.9462,380.0,82.0,1326,0.28089005235602094,0.14704680990115188,0.18,22.7,Low
Uttar Pradesh,Lucknow,9,26.8467,80.9462,380.0,82.0,1470,0.318586387434555,0.14704680990115188,0.18,24.8,Low
Uttar Pradesh,Lucknow,10,26.8467,80.9462,380.0,82.0,1724,0.3850785340314136,0.14704680990115188,0.18,28.5,Moderate
Uttar Pradesh,Lucknow,11,26.8467,80.9462,380.0,82.0,1765,0.3958115183246073,0.14704680990115188,0.18,29.0,Moderate
Uttar Pradesh,Lucknow,12,26.8467,80.9462,380.0,82.0,1528,0.3337696335078534,0.14704680990115188,0.18,25.6,Moderate
Uttar Pradesh,Prayagraj,1,25.4358,81.8463,380.0,82.0,1264,0.26465968586387434,0.14704680990115188,0.18,21.8,Low
Uttar Pradesh,Prayagraj,2,25.4358,81.8463,380.0,82.0,1229,0.2554973821989529,0.14704680990115188,0.18,21.3,Low
Uttar Pradesh,Prayagraj,3,25.4358,81.8463,380.0,82.0,1301,0.2743455497382199,0.14704680990115188,0.18,22.4,Low
Uttar Pradesh,Prayagraj,4,25.4358,81.8463,380.0,82.0,1430,0.3081151832460733,0.14704680990115188,0.18,24.2,Low
Uttar Pradesh,Prayagraj,5,25.4358,81.8463,380.0,82.0,1492,0.3243455497382199,0.14704680990115188,0.18,25.1,Moderate
Uttar Pradesh,Prayagraj,6,25.4358,81.8463,380.0,82.0,1305,0.2753926701570681,0.14704680990115188,0.18,22.4,Low
Uttar Pradesh,Prayagraj,7,25.4358,81.8463,380.0,82.0,1191,0.24554973821989529,0.14704680990115188,0.18,20.8,Low
Uttar Pradesh,Prayagraj,8,25.4358,81.8463,380.0,82.0,1227,0.2549738219895288,0.14704680990115188,0.18,21.3,Low
Uttar Pradesh,Prayagraj,9,25.4358,81.8463,380.0,82.0,1402,0.3007853403141361,0.14704680990115188,0.18,23.8,Low
Uttar Pradesh,Prayagraj,10,25.4358,81.8463,380.0,82.0,1500,0.3264397905759162,0.14704680990115188,0.18,25.2,Moderate
Uttar Pradesh,Prayagraj,11,25.4358,81.8463,380.0,82.0,1625,0.35916230366492147,0.14704680990115188,0.18,27.0,Moderate
Uttar Pradesh,Prayagraj,12,25.4358,81.8463,380.0,82.0,1424,0.30654450261780103,0.14704680990115188,0.18,24.1,Low
Uttar Pradesh,Varanasi,1,25.3176,82.9739,380.0,82.0,1084,0.2175392670157068,0.14704680990115188,0.18,19.2,Low
Uttar Pradesh,Varanasi,2,25.3176,82.9739,380.0,82.0,1018,0.20026178010471204,0.14704680990115188,0.18,18.3,Low
Uttar Pradesh,Varanasi,3,25.3176,82.9739,380.0,82.0,1124,0.2280104712041885,0.14704680990115188,0.18,19.8,Low
Uttar Pradesh,Varanasi,4,25.3176,82.9739,380.0,82.0,1175,0.2413612565445026,0.14704680990115188,0.18,20.6,Low
Uttar Pradesh,Varanasi,5,25.3176,82.9739,380.0,82.0,1227,0.2549738219895288,0.14704680990115188,0.18,21.3,Low
Uttar Pradesh,Varanasi,6,25.3176,82.9739,380.0,82.0,1037,0.20523560209424083,0.14704680990115188,0.18,18.6,Low
Uttar Pradesh,Varanasi,7,25.3176,82.9739,380.0,82.0,1011,0.19842931937172775,0.14704680990115188,0.18,18.2,Low
Uttar Pradesh,Varanasi,8,25.3176,82.9739,380.0,82.0,985,0.19162303664921465,0.14704680990115188,0.18,17.8,Low
Uttar Pradesh,Varanasi,9,25.3176,82.9739,380.0,82.0,1099,0.22146596858638742,0.14704680990115188,0.18,19.5,Low
Uttar Pradesh,Varanasi,10,25.3176,82.9739,380.0,82.0,1264,0.26465968586387434,0.14704680990115188,0.18,21.8,Low
Uttar Pradesh,Varanasi,11,25.3176,82.9739,380.0,82.0,1324,0.28036649214659687,0.14704680990115188,0.18,22.7,Low
Uttar Pradesh,Varanasi,12,25.3176,82.9739,380.0,82.0,1140,0.23219895287958114,0.14704680990115188,0.18,20.0,Low
West Bengal,Howrah,1,22.5958,88.2636,215.0,91.0,607,0.09267015706806282,0.01225390082509599,0.09,7.2,Low
West Bengal,Howrah,2,22.5958,88.2636,215.0,91.0,575,0.08429319371727749,0.01225390082509599,0.09,6.7,Low
West Bengal,Howrah,3,22.5958,88.2636,215.0,91.0,615,0.09476439790575916,0.01225390082509599,0.09,7.3,Low
West Bengal,Howrah,4,22.5958,88.2636,215.0,91.0,627,0.09790575916230367,0.01225390082509599,0.09,7.5,Low
West Bengal,Howrah,5,22.5958,88.2636,215.0,91.0,698,0.11649214659685864,0.01225390082509599,0.09,8.5,Low
West Bengal,Howrah,6,22.5958,88.2636,215.0,91.0,626,0.09764397905759162,0.01225390082509599,0.09,7.5,Low
West Bengal,Howrah,7,22.5958,88.2636,215.0,91.0,578,0.08507853403141362,0.01225390082509599,0.09,6.8,Low
West Bengal,Howrah,8,22.5958,88.2636,215.0,91.0,579,0.08534031413612565,0.01225390082509599,0.09,6.8,Low
West Bengal,Howrah,9,22.5958,88.2636,215.0,91.0,674,0.11020942408376963,0.01225390082509599,0.09,8.2,Low
West Bengal,Howrah,10,22.5958,88.2636,215.0,91.0,737,0.12670157068062826,0.01225390082509599,0.09,9.1,Low
West Bengal,Howrah,11,22.5958,88.2636,215.0,91.0,747,0.12931937172774868,0.01225390082509599,0.09,9.2,Low
West Bengal,Howrah,12,22.5958,88.2636,215.0,91.0,690,0.11439790575916231,0.01225390082509599,0.09,8.4,Low
West Bengal,Kolkata,1,22.5726,88.3639,215.0,91.0,563,0.08115183246073299,0.01225390082509599,0.09,6.6,Low
West Bengal,Kolkata,2,22.5726,88.3639,215.0,91.0,520,0.06989528795811518,0.01225390082509599,0.09,6.0,Low
West Bengal,Kolkata,3,22.5726,88.3639,215.0,91.0,568,0.0824607329842932,0.01225390082509599,0.09,6.6,Low
West Bengal,Kolkata,4,22.5726,88.3639,215.0,91.0,585,0.08691099476439791,0.01225390082509599,0.09,6.9,Low
West Bengal,Kolkata,5,22.5726,88.3639,215.0,91.0,632,0.09921465968586388,0.01225390082509599,0.09,7.6,Low
West Bengal,Kolkata,6,22.5726,88.3639,215.0,91.0,574,0.08403141361256544,0.01225390082509599,0.09,6.7,Low
West Bengal,Kolkata,7,22.5726,88.3639,215.0,91.0,512,0.06780104712041884,0.01225390082509599,0.09,5.8,Low
West Bengal,Kolkata,8,22.5726,88.3639,215.0,91.0,550,0.07774869109947644,0.01225390082509599,0.09,6.4,Low
West Bengal,Kolkata,9,22.5726,88.3639,215.0,91.0,584,0.08664921465968586,0.01225390082509599,0.09,6.9,Low
West Bengal,Kolkata,10,22.5726,88.3639,215.0,91.0,676,0.11073298429319371,0.01225390082509599,0.09,8.2,Low
West Bengal,Kolkata,11,22.5726,88.3639,215.0,91.0,709,0.1193717277486911,0.01225390082509599,0.09,8.7,Low
West Bengal,Kolkata,12,22.5726,88.3639,215.0,91.0,636,0.10026178010471204,0.01225390082509599,0.09,7.6,Low
West Bengal,Murshidabad,1,24.1833,88.2667,215.0,91.0,843,0.1544502617801047,0.01225390082509599,0.09,10.6,Low
West Bengal,Murshidabad,2,24.1833,88.2667,215.0,91.0,870,0.16151832460732984,0.01225390082509599,0.09,11.0,Low
West Bengal,Murshidabad,3,24.1833,88.2667,215.0,91.0,952,0.18298429319371728,0.01225390082509599,0.09,12.2,Low
West Bengal,Murshidabad,4,24.1833,88.2667,215.0,91.0,995,0.19424083769633507,0.01225390082509599,0.09,12.8,Low
West Bengal,Murshidabad,5,24.1833,88.2667,215.0,91.0,1051,0.2089005235602094,0.01225390082509599,0.09,13.6,Low
West Bengal,Murshidabad,6,24.1833,88.2667,215.0,91.0,893,0.16753926701570682,0.01225390082509599,0.09,11.3,Low
West Bengal,Murshidabad,7,24.1833,88.2667,215.0,91.0,802,0.143717277486911,0.01225390082509599,0.09,10.0,Low
West Bengal,Murshidabad,8,24.1833,88.2667,215.0,91.0,855,0.15759162303664923,0.01225390082509599,0.09,10.8,Low
West Bengal,Murshidabad,9,24.1833,88.2667,215.0,91.0,945,0.181151832460733,0.01225390082509599,0.09,12.1,Low
West Bengal,Murshidabad,10,24.1833,88.2667,215.0,91.0,1094,0.22015706806282723,0.01225390082509599,0.09,14.2,Low
West Bengal,Murshidabad,11,24.1833,88.2667,215.0,91.0,1090,0.21910994764397906,0.01225390082509599,0.09,14.2,Low
West Bengal,Murshidabad,12,24.1833,88.2667,215.0,91.0,1053,0.2094240837696335,0.01225390082509599,0.09,13.6,Low
West Bengal,North 24 Parganas,1,22.619,88.4338,215.0,91.0,1230,0.2557591623036649,0.01225390082509599,0.09,16.2,Low
West Bengal,North 24 Parganas,2,22.619,88.4338,215.0,91.0,1176,0.24162303664921467,0.01225390082509599,0.09,15.4,Low
West Bengal,North 24 Parganas,3,22.619,88.4338,215.0,91.0,1233,0.25654450261780104,0.01225390082509599,0.09,16.2,Low
West Bengal,North 24 Parganas,4,22.619,88.4338,215.0,91.0,1354,0.2882198952879581,0.01225390082509599,0.09,18.0,Low
West Bengal,North 24 Parganas,5,22.619,88.4338,215.0,91.0,1427,0.30732984293193716,0.01225390082509599,0.09,19.0,Low
West Bengal,North 24 Parganas,6,22.619,88.4338,215.0,91.0,1213,0.2513089005235602,0.01225390082509599,0.09,15.9,Low
West Bengal,North 24 Parganas,7,22.619,88.4338,215.0,91.0,1112,0.22486910994764397,0.01225390082509599,0.09,14.5,Low
West Bengal,North 24 Parganas,8,22.619,88.4338,215.0,91.0,1234,0.2568062827225131,0.01225390082509599,0.09,16.2,Low
West Bengal,North 24 Parganas,9,22.619,88.4338,215.0,91.0,1323,0.2801047120418848,0.01225390082509599,0.09,17.5,Low
West Bengal,North 24 Parganas,10,22.619,88.4338,215.0,91.0,1585,0.3486910994764398,0.01225390082509599,0.09,21.3,Low
West Bengal,North 24 Parganas,11,22.619,88.4338,215.0,91.0,1585,0.3486910994764398,0.01225390082509599,0.09,21.3,Low
West Bengal,North 24 Parganas,12,22.619,88.4338,215.0,91.0,1407,0.3020942408376963,0.01225390082509599,0.09,18.7,Low
